Marca_Cod,Marca,Modelo_Cod,Modelo,Ano,Versao,Versao_Cod,Combustivel_Gasolina,Combustivel_Alcool,Consumo_Cidade_Gasolina,Consumo_Cidade_Alcool,Consumo_Estrada_Gasolina,Consumo_Estrada_Alcool,Chave_A,Chave_B
5,Chevrolet,2388,Spin,2016,Spin 1.8 Econoflex LS 5S (Aut),31172,,,,,,,5-2388-2016,5-2388-31172-2016
5,Chevrolet,2388,Spin,2015,Spin 1.8 Econoflex LS 5S (Aut),31172,,,,,,,5-2388-2015,5-2388-31172-2015
5,Chevrolet,2388,Spin,2014,Spin 1.8 Econoflex LS 5S (Aut),31172,,,,,,,5-2388-2014,5-2388-31172-2014
5,Chevrolet,2388,Spin,2013,Spin 1.8 Econoflex LS 5S (Aut),31172,,,,,,,5-2388-2013,5-2388-31172-2013
7,Citroën,165,C3,2017,C3 1.2 Attraction Pure Tech,30407,,,,,,,7-165-2017,7-165-30407-2017
7,Citroën,165,C3,2016,C3 1.2 Attraction Pure Tech,30407,,,,,,,7-165-2016,7-165-30407-2016
7,Citroën,165,C3,2015,C3 1.2 Attraction Pure Tech,30407,,,,,,,7-165-2015,7-165-30407-2015
7,Citroën,165,C3,2014,C3 1.2 Attraction Pure Tech,30407,,,,,,,7-165-2014,7-165-30407-2014
7,Citroën,165,C3,2013,C3 1.2 Attraction Pure Tech,30407,,,,,,,7-165-2013,7-165-30407-2013
7,Citroën,165,C3,2012,C3 1.2 Attraction Pure Tech,30407,,,,,,,7-165-2012,7-165-30407-2012
7,Citroën,165,C3,2011,C3 1.2 Attraction Pure Tech,30407,,,,,,,7-165-2011,7-165-30407-2011
7,Citroën,165,C3,2010,C3 1.2 Attraction Pure Tech,30407,,,,,,,7-165-2010,7-165-30407-2010
7,Citroën,165,C3,2009,C3 1.2 Attraction Pure Tech,30407,,,,,,,7-165-2009,7-165-30407-2009
7,Citroën,165,C3,2008,C3 1.2 Attraction Pure Tech,30407,,,,,,,7-165-2008,7-165-30407-2008
7,Citroën,165,C3,2007,C3 1.2 Attraction Pure Tech,30407,,,,,,,7-165-2007,7-165-30407-2007
7,Citroën,165,C3,2006,C3 1.2 Attraction Pure Tech,30407,,,,,,,7-165-2006,7-165-30407-2006
7,Citroën,165,C3,2005,C3 1.2 Attraction Pure Tech,30407,,,,,,,7-165-2005,7-165-30407-2005
7,Citroën,2762,C4 Cactus,2019,C4 Cactus 1.6 Feel Pack (Aut),29561,,,,,,,7-2762-2019,7-2762-29561-2019
14,Fiat,2723,Argo,2020,Argo 1.0,31197,,,,,,,14-2723-2020,14-2723-31197-2020
14,Fiat,2723,Argo,2019,Argo 1.0,31197,,,,,,,14-2723-2019,14-2723-31197-2019
14,Fiat,2723,Argo,2018,Argo 1.0,31197,,,,,,,14-2723-2018,14-2723-31197-2018
14,Fiat,2679,Mobi,2020,Mobi 1.0 Easy,31161,,,,,,,14-2679-2020,14-2679-31161-2020
14,Fiat,2679,Mobi,2019,Mobi 1.0 Easy,31161,,,,,,,14-2679-2019,14-2679-31161-2019
14,Fiat,2679,Mobi,2018,Mobi 1.0 Easy,31161,,,,,,,14-2679-2018,14-2679-31161-2018
14,Fiat,2679,Mobi,2017,Mobi 1.0 Easy,31161,,,,,,,14-2679-2017,14-2679-31161-2017
14,Fiat,2667,Toro,2020,Toro 1.8 Endurance (Aut),31109,,,,,,,14-2667-2020,14-2667-31109-2020
14,Fiat,2667,Toro,2019,Toro 1.8 Endurance (Aut),31109,,,,,,,14-2667-2019,14-2667-31109-2019
14,Fiat,2667,Toro,2018,Toro 1.8 Endurance (Aut),31109,,,,,,,14-2667-2018,14-2667-31109-2018
14,Fiat,2667,Toro,2017,Toro 1.8 Endurance (Aut),31109,,,,,,,14-2667-2017,14-2667-31109-2017
14,Fiat,2667,Toro,2016,Toro 1.8 Endurance (Aut),31109,,,,,,,14-2667-2016,14-2667-31109-2016
15,Ford,607,EcoSport,2020,Ecosport 1.5 SE Direct (Aut),30326,,,,,,,15-607-2020,15-607-30326-2020
15,Ford,607,EcoSport,2019,Ecosport 1.5 SE Direct (Aut),30326,,,,,,,15-607-2019,15-607-30326-2019
15,Ford,607,EcoSport,2018,Ecosport 1.5 SE Direct (Aut),30326,,,,,,,15-607-2018,15-607-30326-2018
15,Ford,607,EcoSport,2017,Ecosport 1.5 SE Direct (Aut),30326,,,,,,,15-607-2017,15-607-30326-2017
15,Ford,607,EcoSport,2016,Ecosport 1.5 SE Direct (Aut),30326,,,,,,,15-607-2016,15-607-30326-2016
15,Ford,607,EcoSport,2015,Ecosport 1.5 SE Direct (Aut),30326,,,,,,,15-607-2015,15-607-30326-2015
15,Ford,607,EcoSport,2014,Ecosport 1.5 SE Direct (Aut),30326,,,,,,,15-607-2014,15-607-30326-2014
15,Ford,607,EcoSport,2013,Ecosport 1.5 SE Direct (Aut),30326,,,,,,,15-607-2013,15-607-30326-2013
15,Ford,607,EcoSport,2012,Ecosport 1.5 SE Direct (Aut),30326,,,,,,,15-607-2012,15-607-30326-2012
15,Ford,607,EcoSport,2011,Ecosport 1.5 SE Direct (Aut),30326,,,,,,,15-607-2011,15-607-30326-2011
15,Ford,607,EcoSport,2010,Ecosport 1.5 SE Direct (Aut),30326,,,,,,,15-607-2010,15-607-30326-2010
15,Ford,607,EcoSport,2009,Ecosport 1.5 SE Direct (Aut),30326,,,,,,,15-607-2009,15-607-30326-2009
15,Ford,607,EcoSport,2008,Ecosport 1.5 SE Direct (Aut),30326,,,,,,,15-607-2008,15-607-30326-2008
15,Ford,607,EcoSport,2007,Ecosport 1.5 SE Direct (Aut),30326,,,,,,,15-607-2007,15-607-30326-2007
15,Ford,607,EcoSport,2006,Ecosport 1.5 SE Direct (Aut),30326,,,,,,,15-607-2006,15-607-30326-2006
15,Ford,607,EcoSport,2005,Ecosport 1.5 SE Direct (Aut),30326,,,,,,,15-607-2005,15-607-30326-2005
15,Ford,607,EcoSport,2004,Ecosport 1.5 SE Direct (Aut),30326,,,,,,,15-607-2004,15-607-30326-2004
15,Ford,607,EcoSport,2003,Ecosport 1.5 SE Direct (Aut),30326,,,,,,,15-607-2003,15-607-30326-2003
15,Ford,287,Ka,2020,Ka 1.0 S,30330,,,,,,,15-287-2020,15-287-30330-2020
15,Ford,287,Ka,2019,Ka 1.0 S,30330,,,,,,,15-287-2019,15-287-30330-2019
15,Ford,287,Ka,2018,Ka 1.0 S,30330,,,,,,,15-287-2018,15-287-30330-2018
15,Ford,287,Ka,2017,Ka 1.0 S,30330,,,,,,,15-287-2017,15-287-30330-2017
15,Ford,287,Ka,2016,Ka 1.0 S,30330,,,,,,,15-287-2016,15-287-30330-2016
15,Ford,287,Ka,2015,Ka 1.0 S,30330,,,,,,,15-287-2015,15-287-30330-2015
15,Ford,287,Ka,2013,Ka 1.0 S,30330,,,,,,,15-287-2013,15-287-30330-2013
15,Ford,287,Ka,2012,Ka 1.0 S,30330,,,,,,,15-287-2012,15-287-30330-2012
15,Ford,287,Ka,2011,Ka 1.0 S,30330,,,,,,,15-287-2011,15-287-30330-2011
15,Ford,287,Ka,2010,Ka 1.0 S,30330,,,,,,,15-287-2010,15-287-30330-2010
15,Ford,287,Ka,2009,Ka 1.0 S,30330,,,,,,,15-287-2009,15-287-30330-2009
15,Ford,287,Ka,2008,Ka 1.0 S,30330,,,,,,,15-287-2008,15-287-30330-2008
15,Ford,287,Ka,2007,Ka 1.0 S,30330,,,,,,,15-287-2007,15-287-30330-2007
15,Ford,287,Ka,2006,Ka 1.0 S,30330,,,,,,,15-287-2006,15-287-30330-2006
15,Ford,287,Ka,2005,Ka 1.0 S,30330,,,,,,,15-287-2005,15-287-30330-2005
15,Ford,287,Ka,2004,Ka 1.0 S,30330,,,,,,,15-287-2004,15-287-30330-2004
15,Ford,287,Ka,2003,Ka 1.0 S,30330,,,,,,,15-287-2003,15-287-30330-2003
15,Ford,287,Ka,2002,Ka 1.0 S,30330,,,,,,,15-287-2002,15-287-30330-2002
15,Ford,287,Ka,2001,Ka 1.0 S,30330,,,,,,,15-287-2001,15-287-30330-2001
15,Ford,287,Ka,2000,Ka 1.0 S,30330,,,,,,,15-287-2000,15-287-30330-2000
15,Ford,287,Ka,1999,Ka 1.0 S,30330,,,,,,,15-287-1999,15-287-30330-1999
15,Ford,287,Ka,1998,Ka 1.0 S,30330,,,,,,,15-287-1998,15-287-30330-1998
15,Ford,287,Ka,1997,Ka 1.0 S,30330,,,,,,,15-287-1997,15-287-30330-1997
16,Honda,1036,City,2019,City 1.5 DX,30633,,,,,,,16-1036-2019,16-1036-30633-2019
16,Honda,1036,City,2018,City 1.5 DX,30633,,,,,,,16-1036-2018,16-1036-30633-2018
16,Honda,1036,City,2017,City 1.5 DX,30633,,,,,,,16-1036-2017,16-1036-30633-2017
16,Honda,1036,City,2016,City 1.5 DX,30633,,,,,,,16-1036-2016,16-1036-30633-2016
16,Honda,1036,City,2015,City 1.5 DX,30633,,,,,,,16-1036-2015,16-1036-30633-2015
16,Honda,1036,City,2014,City 1.5 DX,30633,,,,,,,16-1036-2014,16-1036-30633-2014
16,Honda,1036,City,2013,City 1.5 DX,30633,,,,,,,16-1036-2013,16-1036-30633-2013
16,Honda,1036,City,2012,City 1.5 DX,30633,,,,,,,16-1036-2012,16-1036-30633-2012
16,Honda,1036,City,2011,City 1.5 DX,30633,,,,,,,16-1036-2011,16-1036-30633-2011
16,Honda,1036,City,2010,City 1.5 DX,30633,,,,,,,16-1036-2010,16-1036-30633-2010
16,Honda,231,Civic,2020,Civic 2.0 LX CVT,30568,,,,,,,16-231-2020,16-231-30568-2020
16,Honda,231,Civic,2019,Civic 2.0 LX CVT,30568,,,,,,,16-231-2019,16-231-30568-2019
16,Honda,231,Civic,2018,Civic 2.0 LX CVT,30568,,,,,,,16-231-2018,16-231-30568-2018
16,Honda,231,Civic,2017,Civic 2.0 LX CVT,30568,,,,,,,16-231-2017,16-231-30568-2017
16,Honda,231,Civic,2016,Civic 2.0 LX CVT,30568,,,,,,,16-231-2016,16-231-30568-2016
16,Honda,231,Civic,2015,Civic 2.0 LX CVT,30568,,,,,,,16-231-2015,16-231-30568-2015
16,Honda,231,Civic,2014,Civic 2.0 LX CVT,30568,,,,,,,16-231-2014,16-231-30568-2014
16,Honda,231,Civic,2013,Civic 2.0 LX CVT,30568,,,,,,,16-231-2013,16-231-30568-2013
16,Honda,231,Civic,2012,Civic 2.0 LX CVT,30568,,,,,,,16-231-2012,16-231-30568-2012
16,Honda,231,Civic,2011,Civic 2.0 LX CVT,30568,,,,,,,16-231-2011,16-231-30568-2011
16,Honda,231,Civic,2010,Civic 2.0 LX CVT,30568,,,,,,,16-231-2010,16-231-30568-2010
16,Honda,231,Civic,2009,Civic 2.0 LX CVT,30568,,,,,,,16-231-2009,16-231-30568-2009
16,Honda,231,Civic,2008,Civic 2.0 LX CVT,30568,,,,,,,16-231-2008,16-231-30568-2008
16,Honda,231,Civic,2007,Civic 2.0 LX CVT,30568,,,,,,,16-231-2007,16-231-30568-2007
16,Honda,231,Civic,2006,Civic 2.0 LX CVT,30568,,,,,,,16-231-2006,16-231-30568-2006
16,Honda,231,Civic,2005,Civic 2.0 LX CVT,30568,,,,,,,16-231-2005,16-231-30568-2005
16,Honda,231,Civic,2004,Civic 2.0 LX CVT,30568,,,,,,,16-231-2004,16-231-30568-2004
16,Honda,231,Civic,2003,Civic 2.0 LX CVT,30568,,,,,,,16-231-2003,16-231-30568-2003
16,Honda,231,Civic,2002,Civic 2.0 LX CVT,30568,,,,,,,16-231-2002,16-231-30568-2002
16,Honda,231,Civic,2001,Civic 2.0 LX CVT,30568,,,,,,,16-231-2001,16-231-30568-2001
16,Honda,231,Civic,2000,Civic 2.0 LX CVT,30568,,,,,,,16-231-2000,16-231-30568-2000
16,Honda,231,Civic,1999,Civic 2.0 LX CVT,30568,,,,,,,16-231-1999,16-231-30568-1999
16,Honda,231,Civic,1998,Civic 2.0 LX CVT,30568,,,,,,,16-231-1998,16-231-30568-1998
16,Honda,233,Fit,2020,Fit 1.5 DX,31036,,,,,,,16-233-2020,16-233-31036-2020
16,Honda,233,Fit,2019,Fit 1.5 DX,31036,,,,,,,16-233-2019,16-233-31036-2019
16,Honda,233,Fit,2018,Fit 1.5 DX,31036,,,,,,,16-233-2018,16-233-31036-2018
16,Honda,233,Fit,2017,Fit 1.5 DX,31036,,,,,,,16-233-2017,16-233-31036-2017
16,Honda,233,Fit,2016,Fit 1.5 DX,31036,,,,,,,16-233-2016,16-233-31036-2016
16,Honda,233,Fit,2015,Fit 1.5 DX,31036,,,,,,,16-233-2015,16-233-31036-2015
16,Honda,233,Fit,2014,Fit 1.5 DX,31036,,,,,,,16-233-2014,16-233-31036-2014
16,Honda,233,Fit,2013,Fit 1.5 DX,31036,,,,,,,16-233-2013,16-233-31036-2013
16,Honda,233,Fit,2012,Fit 1.5 DX,31036,,,,,,,16-233-2012,16-233-31036-2012
16,Honda,233,Fit,2011,Fit 1.5 DX,31036,,,,,,,16-233-2011,16-233-31036-2011
16,Honda,233,Fit,2010,Fit 1.5 DX,31036,,,,,,,16-233-2010,16-233-31036-2010
16,Honda,233,Fit,2009,Fit 1.5 DX,31036,,,,,,,16-233-2009,16-233-31036-2009
16,Honda,233,Fit,2008,Fit 1.5 DX,31036,,,,,,,16-233-2008,16-233-31036-2008
16,Honda,233,Fit,2007,Fit 1.5 DX,31036,,,,,,,16-233-2007,16-233-31036-2007
16,Honda,233,Fit,2006,Fit 1.5 DX,31036,,,,,,,16-233-2006,16-233-31036-2006
16,Honda,233,Fit,2005,Fit 1.5 DX,31036,,,,,,,16-233-2005,16-233-31036-2005
16,Honda,233,Fit,2004,Fit 1.5 DX,31036,,,,,,,16-233-2004,16-233-31036-2004
16,Honda,233,Fit,2003,Fit 1.5 DX,31036,,,,,,,16-233-2003,16-233-31036-2003
16,Honda,2627,HR-V,2020,HR-V 1.8 LX CVT,30644,,,,,,,16-2627-2020,16-2627-30644-2020
16,Honda,2627,HR-V,2019,HR-V 1.8 LX CVT,30644,,,,,,,16-2627-2019,16-2627-30644-2019
16,Honda,2627,HR-V,2018,HR-V 1.8 LX CVT,30644,,,,,,,16-2627-2018,16-2627-30644-2018
16,Honda,2627,HR-V,2017,HR-V 1.8 LX CVT,30644,,,,,,,16-2627-2017,16-2627-30644-2017
16,Honda,2627,HR-V,2016,HR-V 1.8 LX CVT,30644,,,,,,,16-2627-2016,16-2627-30644-2016
16,Honda,2720,WR-V,2020,WR-V 1.5 LX CVT,30527,,,,,,,16-2720-2020,16-2720-30527-2020
16,Honda,2720,WR-V,2019,WR-V 1.5 LX CVT,30527,,,,,,,16-2720-2019,16-2720-30527-2019
16,Honda,2720,WR-V,2018,WR-V 1.5 LX CVT,30527,,,,,,,16-2720-2018,16-2720-30527-2018
17,Hyundai,2398,HB20,2020,HB20 1.0 Sense,30963,,,,,,,17-2398-2020,17-2398-30963-2020
17,Hyundai,2398,HB20,2019,HB20 1.0 Sense,30963,,,,,,,17-2398-2019,17-2398-30963-2019
17,Hyundai,2398,HB20,2018,HB20 1.0 Sense,30963,,,,,,,17-2398-2018,17-2398-30963-2018
17,Hyundai,2398,HB20,2017,HB20 1.0 Sense,30963,,,,,,,17-2398-2017,17-2398-30963-2017
17,Hyundai,2398,HB20,2016,HB20 1.0 Sense,30963,,,,,,,17-2398-2016,17-2398-30963-2016
17,Hyundai,2398,HB20,2015,HB20 1.0 Sense,30963,,,,,,,17-2398-2015,17-2398-30963-2015
17,Hyundai,2398,HB20,2014,HB20 1.0 Sense,30963,,,,,,,17-2398-2014,17-2398-30963-2014
17,Hyundai,2398,HB20,2013,HB20 1.0 Sense,30963,,,,,,,17-2398-2013,17-2398-30963-2013
17,Hyundai,2448,HB20S,2020,HB20S 1.0 Vision,30965,,,,,,,17-2448-2020,17-2448-30965-2020
17,Hyundai,2448,HB20S,2019,HB20S 1.0 Vision,30965,,,,,,,17-2448-2019,17-2448-30965-2019
17,Hyundai,2448,HB20S,2018,HB20S 1.0 Vision,30965,,,,,,,17-2448-2018,17-2448-30965-2018
17,Hyundai,2448,HB20S,2017,HB20S 1.0 Vision,30965,,,,,,,17-2448-2017,17-2448-30965-2017
17,Hyundai,2448,HB20S,2016,HB20S 1.0 Vision,30965,,,,,,,17-2448-2016,17-2448-30965-2016
17,Hyundai,2448,HB20S,2015,HB20S 1.0 Vision,30965,,,,,,,17-2448-2015,17-2448-30965-2015
17,Hyundai,2448,HB20S,2014,HB20S 1.0 Vision,30965,,,,,,,17-2448-2014,17-2448-30965-2014
17,Hyundai,2439,HB20X,2018,HB20X 1.6 Vision,30974,,,,,,,17-2439-2018,17-2439-30974-2018
17,Hyundai,2439,HB20X,2017,HB20X 1.6 Vision,30974,,,,,,,17-2439-2017,17-2439-30974-2017
17,Hyundai,2439,HB20X,2016,HB20X 1.6 Vision,30974,,,,,,,17-2439-2016,17-2439-30974-2016
17,Hyundai,2439,HB20X,2015,HB20X 1.6 Vision,30974,,,,,,,17-2439-2015,17-2439-30974-2015
17,Hyundai,2439,HB20X,2014,HB20X 1.6 Vision,30974,,,,,,,17-2439-2014,17-2439-30974-2014
17,Hyundai,865,HR,2013,HR 2.5 CRDI,31020,,,,,,,17-865-2013,17-865-31020-2013
17,Hyundai,865,HR,2011,HR 2.5 CRDI,31020,,,,,,,17-865-2011,17-865-31020-2011
17,Hyundai,865,HR,2010,HR 2.5 CRDI,31020,,,,,,,17-865-2010,17-865-31020-2010
17,Hyundai,865,HR,2009,HR 2.5 CRDI,31020,,,,,,,17-865-2009,17-865-31020-2009
17,Hyundai,865,HR,2008,HR 2.5 CRDI,31020,,,,,,,17-865-2008,17-865-31020-2008
17,Hyundai,1082,ix35,2017,ix35 2.0 GL (Aut),30878,,,,,,,17-1082-2017,17-1082-30878-2017
17,Hyundai,1082,ix35,2016,ix35 2.0 GL (Aut),30878,,,,,,,17-1082-2016,17-1082-30878-2016
17,Hyundai,1082,ix35,2015,ix35 2.0 GL (Aut),30878,,,,,,,17-1082-2015,17-1082-30878-2015
17,Hyundai,1082,ix35,2014,ix35 2.0 GL (Aut),30878,,,,,,,17-1082-2014,17-1082-30878-2014
17,Hyundai,826,Tucson,2016,Tucson 1.6 T-GDI GLS,30788,,,,,,,17-826-2016,17-826-30788-2016
17,Hyundai,826,Tucson,2015,Tucson 1.6 T-GDI GLS,30788,,,,,,,17-826-2015,17-826-30788-2015
17,Hyundai,826,Tucson,2014,Tucson 1.6 T-GDI GLS,30788,,,,,,,17-826-2014,17-826-30788-2014
17,Hyundai,826,Tucson,2013,Tucson 1.6 T-GDI GLS,30788,,,,,,,17-826-2013,17-826-30788-2013
17,Hyundai,826,Tucson,2012,Tucson 1.6 T-GDI GLS,30788,,,,,,,17-826-2012,17-826-30788-2012
17,Hyundai,826,Tucson,2011,Tucson 1.6 T-GDI GLS,30788,,,,,,,17-826-2011,17-826-30788-2011
17,Hyundai,826,Tucson,2010,Tucson 1.6 T-GDI GLS,30788,,,,,,,17-826-2010,17-826-30788-2010
228,Jac,2780,T50,2020,T50 Plus 1.6 CVT,31030,,,,,,,228-2780-2020,228-2780-31030-2020
228,Jac,2780,T50,2019,T50 Plus 1.6 CVT,31030,,,,,,,228-2780-2019,228-2780-31030-2019
18,Jaguar,2657,XE,2019,XE 2.0 R-Dynamic S,29953,,,,,,,18-2657-2019,18-2657-29953-2019
18,Jaguar,2657,XE,2018,XE 2.0 R-Dynamic S,29953,,,,,,,18-2657-2018,18-2657-29953-2018
18,Jaguar,2657,XE,2017,XE 2.0 R-Dynamic S,29953,,,,,,,18-2657-2017,18-2657-29953-2017
18,Jaguar,2657,XE,2016,XE 2.0 R-Dynamic S,29953,,,,,,,18-2657-2016,18-2657-29953-2016
19,Jeep,2340,Compass,2020,Compass 2.0 Sport (Aut),30376,,,,,,,19-2340-2020,19-2340-30376-2020
19,Jeep,2340,Compass,2019,Compass 2.0 Sport (Aut),30376,,,,,,,19-2340-2019,19-2340-30376-2019
19,Jeep,2340,Compass,2018,Compass 2.0 Sport (Aut),30376,,,,,,,19-2340-2018,19-2340-30376-2018
19,Jeep,2340,Compass,2017,Compass 2.0 Sport (Aut),30376,,,,,,,19-2340-2017,19-2340-30376-2017
19,Jeep,2628,Renegade,2020,Renegade 1.8 (Aut),30381,,,,,,,19-2628-2020,19-2628-30381-2020
19,Jeep,2628,Renegade,2019,Renegade 1.8 (Aut),30381,,,,,,,19-2628-2019,19-2628-30381-2019
19,Jeep,2628,Renegade,2018,Renegade 1.8 (Aut),30381,,,,,,,19-2628-2018,19-2628-30381-2018
19,Jeep,2628,Renegade,2017,Renegade 1.8 (Aut),30381,,,,,,,19-2628-2017,19-2628-30381-2017
19,Jeep,2628,Renegade,2016,Renegade 1.8 (Aut),30381,,,,,,,19-2628-2016,19-2628-30381-2016
20,Kia,885,Cerato,2014,Cerato 2.0 Flex SX E497,31095,,,,,,,20-885-2014,20-885-31095-2014
20,Kia,885,Cerato,2013,Cerato 2.0 Flex SX E497,31095,,,,,,,20-885-2013,20-885-31095-2013
20,Kia,885,Cerato,2011,Cerato 2.0 Flex SX E497,31095,,,,,,,20-885-2011,20-885-31095-2011
20,Kia,885,Cerato,2010,Cerato 2.0 Flex SX E497,31095,,,,,,,20-885-2010,20-885-31095-2010
106,Lifan,2486,X60,2018,X60 1.8 16V VVT Talent,28484,,,,,,,106-2486-2018,106-2486-28484-2018
106,Lifan,2486,X60,2016,X60 1.8 16V VVT Talent,28484,,,,,,,106-2486-2016,106-2486-28484-2016
106,Lifan,2486,X60,2015,X60 1.8 16V VVT Talent,28484,,,,,,,106-2486-2015,106-2486-28484-2015
106,Lifan,2486,X60,2014,X60 1.8 16V VVT Talent,28484,,,,,,,106-2486-2014,106-2486-28484-2014
26,Mercedes-Benz,699,Sprinter,2014,Sprinter 2.2 CDI 416 Chassi Longo,30982,,,,,,,26-699-2014,26-699-30982-2014
26,Mercedes-Benz,699,Sprinter,2013,Sprinter 2.2 CDI 416 Chassi Longo,30982,,,,,,,26-699-2013,26-699-30982-2013
26,Mercedes-Benz,699,Sprinter,2012,Sprinter 2.2 CDI 416 Chassi Longo,30982,,,,,,,26-699-2012,26-699-30982-2012
26,Mercedes-Benz,699,Sprinter,2011,Sprinter 2.2 CDI 416 Chassi Longo,30982,,,,,,,26-699-2011,26-699-30982-2011
26,Mercedes-Benz,699,Sprinter,2010,Sprinter 2.2 CDI 416 Chassi Longo,30982,,,,,,,26-699-2010,26-699-30982-2010
26,Mercedes-Benz,699,Sprinter,2008,Sprinter 2.2 CDI 416 Chassi Longo,30982,,,,,,,26-699-2008,26-699-30982-2008
27,Mitsubishi,707,L200,2007,L200 GL 2.5 4X4,12576,,,,,,,27-707-2007,27-707-12576-2007
27,Mitsubishi,707,L200,2006,L200 GL 2.5 4X4,12576,,,,,,,27-707-2006,27-707-12576-2006
27,Mitsubishi,707,L200,2005,L200 GL 2.5 4X4,12576,,,,,,,27-707-2005,27-707-12576-2005
27,Mitsubishi,707,L200,2004,L200 GL 2.5 4X4,12576,,,,,,,27-707-2004,27-707-12576-2004
27,Mitsubishi,384,Lancer,2000,Lancer 2.0 16V HL-T CVT,28912,,,,,,,27-384-2000,27-384-28912-2000
27,Mitsubishi,384,Lancer,1998,Lancer 2.0 16V HL-T CVT,28912,,,,,,,27-384-1998,27-384-28912-1998
27,Mitsubishi,384,Lancer,1997,Lancer 2.0 16V HL-T CVT,28912,,,,,,,27-384-1997,27-384-28912-1997
27,Mitsubishi,384,Lancer,1996,Lancer 2.0 16V HL-T CVT,28912,,,,,,,27-384-1996,27-384-28912-1996
28,Nissan,721,Frontier,2013,Frontier S 4x4,30452,,,,,,,28-721-2013,28-721-30452-2013
28,Nissan,721,Frontier,2012,Frontier S 4x4,30452,,,,,,,28-721-2012,28-721-30452-2012
28,Nissan,721,Frontier,2011,Frontier S 4x4,30452,,,,,,,28-721-2011,28-721-30452-2011
28,Nissan,2314,March,2016,March 1.0 SV (Flex),29565,,,,,,,28-2314-2016,28-2314-29565-2016
28,Nissan,2314,March,2015,March 1.0 SV (Flex),29565,,,,,,,28-2314-2015,28-2314-29565-2015
28,Nissan,2314,March,2014,March 1.0 SV (Flex),29565,,,,,,,28-2314-2014,28-2314-29565-2014
28,Nissan,2318,Versa,2016,Versa V-Drive 1.0,30446,,,,,,,28-2318-2016,28-2318-30446-2016
28,Nissan,2318,Versa,2015,Versa V-Drive 1.0,30446,,,,,,,28-2318-2015,28-2318-30446-2015
40,Outras,467,Celica,1994,Celica GT 2.2 16V,1686,,,,,,,40-467-1994,40-467-1686-1994
40,Outras,467,Celica,1993,Celica GT 2.2 16V,1686,,,,,,,40-467-1993,40-467-1686-1993
40,Outras,473,Previa,1991,Previa LE 2.4 16V,19784,,,,,,,40-473-1991,40-473-19784-1991
29,Peugeot,948,207,2012,207 Hatch Active 1.4 (Flex),17866,,,,,,,29-948-2012,29-948-17866-2012
29,Peugeot,948,207,2011,207 Hatch Active 1.4 (Flex),17866,,,,,,,29-948-2011,29-948-17866-2011
29,Peugeot,948,207,2010,207 Hatch Active 1.4 (Flex),17866,,,,,,,29-948-2010,29-948-17866-2010
29,Peugeot,948,207,2009,207 Hatch Active 1.4 (Flex),17866,,,,,,,29-948-2009,29-948-17866-2009
31,Renault,431,Clio,2007,Clio Authentique 1.0 16V (Flex) 2p,22399,,,,,,,31-431-2007,31-431-22399-2007
31,Renault,431,Clio,2006,Clio Authentique 1.0 16V (Flex) 2p,22399,,,,,,,31-431-2006,31-431-22399-2006
31,Renault,431,Clio,2005,Clio Authentique 1.0 16V (Flex) 2p,22399,,,,,,,31-431-2005,31-431-22399-2005
31,Renault,431,Clio,2004,Clio Authentique 1.0 16V (Flex) 2p,22399,,,,,,,31-431-2004,31-431-22399-2004
31,Renault,431,Clio,2003,Clio Authentique 1.0 16V (Flex) 2p,22399,,,,,,,31-431-2003,31-431-22399-2003
31,Renault,431,Clio,2002,Clio Authentique 1.0 16V (Flex) 2p,22399,,,,,,,31-431-2002,31-431-22399-2002
31,Renault,431,Clio,2001,Clio Authentique 1.0 16V (Flex) 2p,22399,,,,,,,31-431-2001,31-431-22399-2001
31,Renault,431,Clio,2000,Clio Authentique 1.0 16V (Flex) 2p,22399,,,,,,,31-431-2000,31-431-22399-2000
31,Renault,910,Logan,2011,Logan 1.0 Life,30765,,,,,,,31-910-2011,31-910-30765-2011
31,Renault,910,Logan,2010,Logan 1.0 Life,30765,,,,,,,31-910-2010,31-910-30765-2010
31,Renault,910,Logan,2009,Logan 1.0 Life,30765,,,,,,,31-910-2009,31-910-30765-2009
31,Renault,910,Logan,2008,Logan 1.0 Life,30765,,,,,,,31-910-2008,31-910-30765-2008
31,Renault,739,Master,2008,Master 2.3 L1H1 Chassi Cabine,30771,,,,,,,31-739-2008,31-739-30771-2008
31,Renault,903,Megane Grand Tour,2011,Mégane Grand Tour Dynamique 1.6 16V (flex),13579,,,,,,,31-903-2011,31-903-13579-2011
31,Renault,919,Sandero,2011,Sandero 1.0 Life,30778,,,,,,,31-919-2011,31-919-30778-2011
31,Renault,919,Sandero,2010,Sandero 1.0 Life,30778,,,,,,,31-919-2010,31-919-30778-2010
31,Renault,919,Sandero,2009,Sandero 1.0 Life,30778,,,,,,,31-919-2009,31-919-30778-2009
31,Renault,919,Sandero,2008,Sandero 1.0 Life,30778,,,,,,,31-919-2008,31-919-30778-2008
41,SsangYong,929,Actyon,2011,Actyon GLX 2.3(aut),13581,,,,,,,41-929-2011,41-929-13581-2011
41,SsangYong,929,Actyon,2010,Actyon GLX 2.3(aut),13581,,,,,,,41-929-2010,41-929-13581-2010
41,SsangYong,929,Actyon,2009,Actyon GLX 2.3(aut),13581,,,,,,,41-929-2009,41-929-13581-2009
41,SsangYong,929,Actyon,2008,Actyon GLX 2.3(aut),13581,,,,,,,41-929-2008,41-929-13581-2008
36,Volkswagen,793,BRASÍLIA,1980,Brasilia 1600,3198,,,,,,,36-793-1980,36-793-3198-1980
36,Volkswagen,793,BRASÍLIA,1979,Brasilia 1600,3198,,,,,,,36-793-1979,36-793-3198-1979
36,Volkswagen,793,BRASÍLIA,1978,Brasilia 1600,3198,,,,,,,36-793-1978,36-793-3198-1978
36,Volkswagen,793,BRASÍLIA,1977,Brasilia 1600,3198,,,,,,,36-793-1977,36-793-3198-1977
36,Volkswagen,793,BRASÍLIA,1976,Brasilia 1600,3198,,,,,,,36-793-1976,36-793-3198-1976
36,Volkswagen,793,BRASÍLIA,1975,Brasilia 1600,3198,,,,,,,36-793-1975,36-793-3198-1975
36,Volkswagen,793,BRASÍLIA,1974,Brasilia 1600,3198,,,,,,,36-793-1974,36-793-3198-1974
36,Volkswagen,479,FUSCA,1980,Fusca 2.0 TSi DSG,25647,,,,,,,36-479-1980,36-479-25647-1980
36,Volkswagen,479,FUSCA,1979,Fusca 2.0 TSi DSG,25647,,,,,,,36-479-1979,36-479-25647-1979
36,Volkswagen,479,FUSCA,1978,Fusca 2.0 TSi DSG,25647,,,,,,,36-479-1978,36-479-25647-1978
36,Volkswagen,479,FUSCA,1977,Fusca 2.0 TSi DSG,25647,,,,,,,36-479-1977,36-479-25647-1977
36,Volkswagen,479,FUSCA,1976,Fusca 2.0 TSi DSG,25647,,,,,,,36-479-1976,36-479-25647-1976
36,Volkswagen,479,FUSCA,1975,Fusca 2.0 TSi DSG,25647,,,,,,,36-479-1975,36-479-25647-1975
36,Volkswagen,479,FUSCA,1974,Fusca 2.0 TSi DSG,25647,,,,,,,36-479-1974,36-479-25647-1974
36,Volkswagen,479,FUSCA,1973,Fusca 2.0 TSi DSG,25647,,,,,,,36-479-1973,36-479-25647-1973
36,Volkswagen,479,FUSCA,1972,Fusca 2.0 TSi DSG,25647,,,,,,,36-479-1972,36-479-25647-1972
36,Volkswagen,479,FUSCA,1971,Fusca 2.0 TSi DSG,25647,,,,,,,36-479-1971,36-479-25647-1971
36,Volkswagen,479,FUSCA,1970,Fusca 2.0 TSi DSG,25647,,,,,,,36-479-1970,36-479-25647-1970
36,Volkswagen,479,FUSCA,1969,Fusca 2.0 TSi DSG,25647,,,,,,,36-479-1969,36-479-25647-1969
36,Volkswagen,479,FUSCA,1968,Fusca 2.0 TSi DSG,25647,,,,,,,36-479-1968,36-479-25647-1968
36,Volkswagen,479,FUSCA,1967,Fusca 2.0 TSi DSG,25647,,,,,,,36-479-1967,36-479-25647-1967
36,Volkswagen,479,FUSCA,1966,Fusca 2.0 TSi DSG,25647,,,,,,,36-479-1966,36-479-25647-1966
36,Volkswagen,479,FUSCA,1965,Fusca 2.0 TSi DSG,25647,,,,,,,36-479-1965,36-479-25647-1965
36,Volkswagen,479,FUSCA,1964,Fusca 2.0 TSi DSG,25647,,,,,,,36-479-1964,36-479-25647-1964
36,Volkswagen,776,KOMBI,1980,Kombi Standard 1.4 (Flex),15299,,,,,,,36-776-1980,36-776-15299-1980
36,Volkswagen,776,KOMBI,1979,Kombi Standard 1.4 (Flex),15299,,,,,,,36-776-1979,36-776-15299-1979
36,Volkswagen,776,KOMBI,1978,Kombi Standard 1.4 (Flex),15299,,,,,,,36-776-1978,36-776-15299-1978
36,Volkswagen,776,KOMBI,1977,Kombi Standard 1.4 (Flex),15299,,,,,,,36-776-1977,36-776-15299-1977
36,Volkswagen,776,KOMBI,1976,Kombi Standard 1.4 (Flex),15299,,,,,,,36-776-1976,36-776-15299-1976
36,Volkswagen,776,KOMBI,1975,Kombi Standard 1.4 (Flex),15299,,,,,,,36-776-1975,36-776-15299-1975
36,Volkswagen,776,KOMBI,1974,Kombi Standard 1.4 (Flex),15299,,,,,,,36-776-1974,36-776-15299-1974
36,Volkswagen,487,PASSAT,1980,Passat Highline 2.0 TSI DSG,28168,,,,,,,36-487-1980,36-487-28168-1980
36,Volkswagen,487,PASSAT,1979,Passat Highline 2.0 TSI DSG,28168,,,,,,,36-487-1979,36-487-28168-1979
36,Volkswagen,487,PASSAT,1978,Passat Highline 2.0 TSI DSG,28168,,,,,,,36-487-1978,36-487-28168-1978
36,Volkswagen,487,PASSAT,1977,Passat Highline 2.0 TSI DSG,28168,,,,,,,36-487-1977,36-487-28168-1977
36,Volkswagen,487,PASSAT,1976,Passat Highline 2.0 TSI DSG,28168,,,,,,,36-487-1976,36-487-28168-1976
14,Fiat,214,PALIO,2016,Palio EX 1.3 8V Fire,16413,,,,,,,14-214-2016,14-214-16413-2016
14,Fiat,214,PALIO,2015,Palio EX 1.3 8V Fire,16413,,,,,,,14-214-2015,14-214-16413-2015
14,Fiat,214,PALIO,2014,Palio EX 1.3 8V Fire,16413,,,,,,,14-214-2014,14-214-16413-2014
14,Fiat,214,PALIO,2013,Palio EX 1.3 8V Fire,16413,,,,,,,14-214-2013,14-214-16413-2013
14,Fiat,214,PALIO,2012,Palio EX 1.3 8V Fire,16413,,,,,,,14-214-2012,14-214-16413-2012
14,Fiat,214,PALIO,2011,Palio EX 1.3 8V Fire,16413,,,,,,,14-214-2011,14-214-16413-2011
14,Fiat,214,PALIO,2010,Palio EX 1.3 8V Fire,16413,,,,,,,14-214-2010,14-214-16413-2010
14,Fiat,214,PALIO,2009,Palio EX 1.3 8V Fire,16413,,,,,,,14-214-2009,14-214-16413-2009
14,Fiat,214,PALIO,2008,Palio EX 1.3 8V Fire,16413,,,,,,,14-214-2008,14-214-16413-2008
14,Fiat,214,PALIO,2007,Palio EX 1.3 8V Fire,16413,,,,,,,14-214-2007,14-214-16413-2007
14,Fiat,214,PALIO,2006,Palio EX 1.3 8V Fire,16413,,,,,,,14-214-2006,14-214-16413-2006
14,Fiat,214,PALIO,2005,Palio EX 1.3 8V Fire,16413,,,,,,,14-214-2005,14-214-16413-2005
14,Fiat,214,PALIO,2004,Palio EX 1.3 8V Fire,16413,,,,,,,14-214-2004,14-214-16413-2004
14,Fiat,214,PALIO,2003,Palio EX 1.3 8V Fire,16413,,,,,,,14-214-2003,14-214-16413-2003
14,Fiat,214,PALIO,2001,Palio EX 1.3 8V Fire,16413,,,,,,,14-214-2001,14-214-16413-2001
14,Fiat,214,PALIO,2000,Palio EX 1.3 8V Fire,16413,,,,,,,14-214-2000,14-214-16413-2000
14,Fiat,214,PALIO,1999,Palio EX 1.3 8V Fire,16413,,,,,,,14-214-1999,14-214-16413-1999
14,Fiat,214,PALIO,1998,Palio EX 1.3 8V Fire,16413,,,,,,,14-214-1998,14-214-16413-1998
14,Fiat,214,PALIO,1997,Palio EX 1.3 8V Fire,16413,,,,,,,14-214-1997,14-214-16413-1997
14,Fiat,214,PALIO,1996,Palio EX 1.3 8V Fire,16413,,,,,,,14-214-1996,14-214-16413-1996
14,Fiat,1087,UNO,2020,Uno 1.0 Attractive,30473,,,,,,,14-1087-2020,14-1087-30473-2020
14,Fiat,1087,UNO,2019,Uno 1.0 Attractive,30473,,,,,,,14-1087-2019,14-1087-30473-2019
14,Fiat,1087,UNO,2018,Uno 1.0 Attractive,30473,,,,,,,14-1087-2018,14-1087-30473-2018
14,Fiat,1087,UNO,2017,Uno 1.0 Attractive,30473,,,,,,,14-1087-2017,14-1087-30473-2017
14,Fiat,1087,UNO,2016,Uno 1.0 Attractive,30473,,,,,,,14-1087-2016,14-1087-30473-2016
14,Fiat,1087,UNO,2015,Uno 1.0 Attractive,30473,,,,,,,14-1087-2015,14-1087-30473-2015
14,Fiat,1087,UNO,2014,Uno 1.0 Attractive,30473,,,,,,,14-1087-2014,14-1087-30473-2014
14,Fiat,1087,UNO,2013,Uno 1.0 Attractive,30473,,,,,,,14-1087-2013,14-1087-30473-2013
14,Fiat,1087,UNO,2012,Uno 1.0 Attractive,30473,,,,,,,14-1087-2012,14-1087-30473-2012
14,Fiat,1087,UNO,2011,Uno 1.0 Attractive,30473,,,,,,,14-1087-2011,14-1087-30473-2011
5,Chevrolet,2388,Spin,2016,Spin 1.8 Econoflex LS 5S (Aut),31172,Álcool,Gasolina,8,11.7,9.3,13.6,5-2388-2016,5-2388-31172-2016
5,Chevrolet,2388,Spin,2015,Spin 1.8 Econoflex LS 5S (Aut),31172,Álcool,Gasolina,8,11.7,9.3,13.6,5-2388-2015,5-2388-31172-2015
5,Chevrolet,2388,Spin,2014,Spin 1.8 Econoflex LS 5S (Aut),31172,Álcool,Gasolina,8,11.7,9.3,13.6,5-2388-2014,5-2388-31172-2014
5,Chevrolet,2388,Spin,2013,Spin 1.8 Econoflex LS 5S (Aut),31172,Álcool,Gasolina,8,11.7,9.3,13.6,5-2388-2013,5-2388-31172-2013
7,Citroën,165,C3,2017,C3 1.2 Attraction Pure Tech,30407,Álcool,Gasolina,9.3,13.2,10.1,14.8,7-165-2017,7-165-30407-2017
7,Citroën,165,C3,2016,C3 1.2 Attraction Pure Tech,30407,Álcool,Gasolina,9.3,13.2,10.1,14.8,7-165-2016,7-165-30407-2016
