Marca_Cod,Modelo_Cod,Ano,Chave_A
99,1104,2016,99-1104-2016
99,1105,2016,99-1105-2016
99,2457,2016,99-2457-2016
3,12,2021,3-12-2021
3,20,2021,3-20-2021
3,13,2021,3-13-2021
3,21,2021,3-21-2021
3,14,2021,3-14-2021
3,2251,2021,3-2251-2021
3,15,2021,3-15-2021
3,2550,2021,3-2550-2021
3,22,2021,3-22-2021
3,17,2021,3-17-2021
3,23,2021,3-23-2021
3,19,2021,3-19-2021
3,24,2021,3-24-2021
3,1020,2021,3-1020-2021
3,25,2021,3-25-2021
3,2331,2021,3-2331-2021
3,2748,2021,3-2748-2021
3,26,2021,3-26-2021
3,30,2021,3-30-2021
3,31,2021,3-31-2021
3,2549,2021,3-2549-2021
3,32,2021,3-32-2021
3,28,2021,3-28-2021
3,2440,2021,3-2440-2021
3,33,2021,3-33-2021
3,29,2021,3-29-2021
3,2441,2021,3-2441-2021
3,34,2021,3-34-2021
3,2544,2021,3-2544-2021
3,35,2021,3-35-2021
3,1111,2021,3-1111-2021
104,1106,2016,104-1106-2016
4,2495,2021,4-2495-2021
4,2625,2021,4-2625-2021
4,2548,2021,4-2548-2021
4,110,2021,4-110-2021
4,111,2021,4-111-2021
4,1026,2021,4-1026-2021
4,2615,2021,4-2615-2021
4,112,2021,4-112-2021
4,113,2021,4-113-2021
4,864,2021,4-864-2021
4,966,2021,4-966-2021
4,1025,2021,4-1025-2021
4,42,2021,4-42-2021
4,38,2021,4-38-2021
4,60,2021,4-60-2021
4,53,2021,4-53-2021
4,2518,2021,4-2518-2021
4,74,2021,4-74-2021
4,76,2021,4-76-2021
4,884,2021,4-884-2021
4,819,2021,4-819-2021
4,2445,2021,4-2445-2021
4,114,2021,4-114-2021
4,917,2021,4-917-2021
4,116,2021,4-116-2021
100,2770,2022,100-2770-2022
100,2806,2022,100-2806-2022
100,2458,2022,100-2458-2022
100,1092,2022,100-1092-2022
100,1093,2022,100-1093-2022
100,1107,2022,100-1107-2022
100,2260,2022,100-2260-2022
100,2338,2022,100-2338-2022
100,1043,2022,100-1043-2022
5,528,2022,5-528-2022
5,532,2022,5-532-2022
5,1055,2022,5-1055-2022
5,121,2022,5-121-2022
5,122,2022,5-122-2022
5,123,2022,5-123-2022
5,536,2022,5-536-2022
5,1096,2022,5-1096-2022
5,559,2022,5-559-2022
5,2811,2022,5-2811-2022
5,537,2022,5-537-2022
5,1076,2022,5-1076-2022
5,538,2022,5-538-2022
5,539,2022,5-539-2022
5,1050,2022,5-1050-2022
5,543,2022,5-543-2022
5,124,2022,5-124-2022
5,125,2022,5-125-2022
5,126,2022,5-126-2022
5,127,2022,5-127-2022
5,964,2022,5-964-2022
5,128,2022,5-128-2022
5,129,2022,5-129-2022
5,130,2022,5-130-2022
5,131,2022,5-131-2022
5,133,2022,5-133-2022
5,547,2022,5-547-2022
5,1120,2022,5-1120-2022
5,877,2022,5-877-2022
5,2329,2022,5-2329-2022
5,1125,2022,5-1125-2022
5,137,2022,5-137-2022
5,138,2022,5-138-2022
5,2317,2022,5-2317-2022
5,2363,2022,5-2363-2022
5,549,2022,5-549-2022
5,553,2022,5-553-2022
5,833,2022,5-833-2022
5,2795,2022,5-2795-2022
5,1031,2022,5-1031-2022
5,1060,2022,5-1060-2022
5,141,2022,5-141-2022
5,2791,2022,5-2791-2022
5,2792,2022,5-2792-2022
5,140,2022,5-140-2022
5,139,2022,5-139-2022
5,142,2022,5-142-2022
5,1084,2022,5-1084-2022
5,1091,2022,5-1091-2022
5,132,2022,5-132-2022
5,143,2022,5-143-2022
5,558,2022,5-558-2022
5,920,2022,5-920-2022
5,145,2022,5-145-2022
5,144,2022,5-144-2022
5,146,2022,5-146-2022
5,149,2022,5-149-2022
5,148,2022,5-148-2022
5,1045,2022,5-1045-2022
5,902,2022,5-902-2022
5,561,2022,5-561-2022
5,2386,2022,5-2386-2022
5,2387,2022,5-2387-2022
5,565,2022,5-565-2022
5,1074,2022,5-1074-2022
5,1041,2022,5-1041-2022
5,834,2022,5-834-2022
5,147,2022,5-147-2022
5,150,2022,5-150-2022
5,568,2022,5-568-2022
5,2431,2022,5-2431-2022
5,151,2022,5-151-2022
5,914,2022,5-914-2022
5,570,2022,5-570-2022
5,152,2022,5-152-2022
7,1108,2021,7-1108-2021
7,162,2021,7-162-2021
7,163,2021,7-163-2021
7,164,2021,7-164-2021
7,2295,2021,7-2295-2021
7,996,2021,7-996-2021
7,2496,2021,7-2496-2021
7,911,2021,7-911-2021
7,991,2021,7-991-2021
7,891,2021,7-891-2021
7,166,2021,7-166-2021
7,167,2021,7-167-2021
7,1021,2021,7-1021-2021
7,906,2021,7-906-2021
7,804,2021,7-804-2021
7,2383,2021,7-2383-2021
7,2444,2021,7-2444-2021
7,2436,2021,7-2436-2021
7,168,2021,7-168-2021
7,942,2021,7-942-2021
7,169,2021,7-169-2021
7,170,2021,7-170-2021
7,171,2021,7-171-2021
7,172,2021,7-172-2021
7,173,2021,7-173-2021
7,174,2021,7-174-2021
7,2655,2021,7-2655-2021
7,175,2021,7-175-2021
7,176,2021,7-176-2021
12,190,2018,12-190-2018
12,2309,2018,12-2309-2018
12,980,2018,12-980-2018
12,580,2018,12-580-2018
12,1078,2018,12-1078-2018
12,583,2018,12-583-2018
12,191,2018,12-191-2018
12,2516,2018,12-2516-2018
12,845,2018,12-845-2018
12,960,2018,12-960-2018
12,955,2018,12-955-2018
12,192,2018,12-192-2018
12,193,2018,12-193-2018
91,953,2019,91-953-2019
91,954,2019,91-954-2019
91,2324,2019,91-2324-2019
91,951,2019,91-951-2019
91,952,2019,91-952-2019
91,2322,2019,91-2322-2019
91,2810,2019,91-2810-2019
13,194,2015,13-194-2015
13,196,2015,13-196-2015
13,197,2015,13-197-2015
13,2681,2015,13-2681-2015
13,198,2015,13-198-2015
13,199,2015,13-199-2015
13,200,2015,13-200-2015
13,901,2015,13-901-2015
13,839,2015,13-839-2015
13,2663,2015,13-2663-2015
13,2502,2015,13-2502-2015
13,195,2015,13-195-2015
13,894,2015,13-894-2015
13,809,2015,13-809-2015
13,841,2015,13-841-2015
13,201,2015,13-201-2015
13,2809,2015,13-2809-2015
14,202,2022,14-202-2022
14,588,2022,14-588-2022
14,589,2022,14-589-2022
14,1052,2022,14-1052-2022
14,204,2022,14-204-2022
14,205,2022,14-205-2022
14,206,2022,14-206-2022
14,207,2022,14-207-2022
14,2753,2022,14-2753-2022
14,208,2022,14-208-2022
14,1103,2022,14-1103-2022
14,591,2022,14-591-2022
14,209,2022,14-209-2022
14,210,2022,14-210-2022
14,893,2022,14-893-2022
14,935,2022,14-935-2022
14,2311,2022,14-2311-2022
14,2354,2022,14-2354-2022
14,857,2022,14-857-2022
14,973,2022,14-973-2022
14,211,2022,14-211-2022
14,212,2022,14-212-2022
14,213,2022,14-213-2022
14,216,2022,14-216-2022
14,217,2022,14-217-2022
14,218,2022,14-218-2022
14,219,2022,14-219-2022
14,220,2022,14-220-2022
14,221,2022,14-221-2022
14,222,2022,14-222-2022
14,268,2022,14-268-2022
14,1087,2022,14-1087-2022
14,603,2022,14-603-2022
14,269,2022,14-269-2022
14,604,2022,14-604-2022
14,2543,2022,14-2543-2022
15,270,2021,15-270-2021
15,271,2021,15-271-2021
15,1023,2021,15-1023-2021
15,605,2021,15-605-2021
15,272,2021,15-272-2021
15,273,2021,15-273-2021
15,2382,2021,15-2382-2021
15,606,2021,15-606-2021
15,887,2021,15-887-2021
15,275,2021,15-275-2021
15,278,2021,15-278-2021
15,276,2021,15-276-2021
15,961,2021,15-961-2021
15,2725,2021,15-2725-2021
15,280,2021,15-280-2021
15,279,2021,15-279-2021
15,281,2021,15-281-2021
15,282,2021,15-282-2021
15,1057,2021,15-1057-2021
15,608,2021,15-608-2021
15,609,2021,15-609-2021
15,1070,2021,15-1070-2021
15,610,2021,15-610-2021
15,611,2021,15-611-2021
15,618,2021,15-618-2021
15,619,2021,15-619-2021
15,622,2021,15-622-2021
15,979,2021,15-979-2021
15,784,2021,15-784-2021
15,2611,2021,15-2611-2021
15,283,2021,15-283-2021
15,284,2021,15-284-2021
15,285,2021,15-285-2021
15,286,2021,15-286-2021
15,1064,2021,15-1064-2021
15,623,2021,15-623-2021
15,881,2021,15-881-2021
15,785,2021,15-785-2021
15,897,2021,15-897-2021
15,625,2021,15-625-2021
15,1047,2021,15-1047-2021
15,786,2021,15-786-2021
15,1098,2021,15-1098-2021
15,787,2021,15-787-2021
15,288,2021,15-288-2021
15,289,2021,15-289-2021
15,2381,2021,15-2381-2021
15,2328,2021,15-2328-2021
15,627,2021,15-627-2021
15,291,2021,15-291-2021
15,798,2021,15-798-2021
15,292,2021,15-292-2021
15,293,2021,15-293-2021
15,294,2021,15-294-2021
15,993,2021,15-993-2021
15,295,2021,15-295-2021
15,224,2021,15-224-2021
15,296,2021,15-296-2021
15,225,2021,15-225-2021
16,227,2021,16-227-2021
16,298,2021,16-298-2021
16,228,2021,16-228-2021
16,229,2021,16-229-2021
16,230,2021,16-230-2021
16,232,2021,16-232-2021
16,990,2021,16-990-2021
16,3,2021,16-3-2021
16,234,2021,16-234-2021
16,648,2021,16-648-2021
16,235,2021,16-235-2021
16,940,2021,16-940-2021
17,237,2022,17-237-2022
17,236,2022,17-236-2022
17,238,2022,17-238-2022
17,926,2022,17-926-2022
17,239,2022,17-239-2022
17,2714,2022,17-2714-2022
17,241,2022,17-241-2022
17,242,2022,17-242-2022
17,2392,2022,17-2392-2022
17,243,2022,17-243-2022
17,650,2022,17-650-2022
17,2352,2022,17-2352-2022
17,651,2022,17-651-2022
17,652,2022,17-652-2022
17,1018,2022,17-1018-2022
17,1112,2022,17-1112-2022
17,2658,2022,17-2658-2022
17,892,2022,17-892-2022
17,656,2022,17-656-2022
17,244,2022,17-244-2022
17,245,2022,17-245-2022
17,657,2022,17-657-2022
17,246,2022,17-246-2022
17,2312,2022,17-2312-2022
17,916,2022,17-916-2022
71,2684,2019,71-2684-2019
71,2685,2019,71-2685-2019
228,2432,2022,228-2432-2022
228,2250,2022,228-2250-2022
228,2259,2022,228-2259-2022
228,2341,2022,228-2341-2022
228,2310,2022,228-2310-2022
228,2466,2022,228-2466-2022
228,2671,2022,228-2671-2022
228,2614,2022,228-2614-2022
228,2522,2022,228-2522-2022
228,2779,2022,228-2779-2022
228,2739,2022,228-2739-2022
18,247,2020,18-247-2020
18,249,2020,18-249-2020
18,842,2020,18-842-2020
18,254,2020,18-254-2020
18,250,2020,18-250-2020
18,788,2020,18-788-2020
18,2301,2020,18-2301-2020
18,252,2020,18-252-2020
18,253,2020,18-253-2020
18,256,2020,18-256-2020
19,663,2021,19-663-2021
19,909,2021,19-909-2021
19,883,2021,19-883-2021
19,665,2021,19-665-2021
20,669,2022,20-669-2022
20,1124,2022,20-1124-2022
20,258,2022,20-258-2022
20,671,2022,20-671-2022
20,672,2022,20-672-2022
20,259,2022,20-259-2022
20,2654,2022,20-2654-2022
20,890,2022,20-890-2022
20,1000,2022,20-1000-2022
20,825,2022,20-825-2022
20,2356,2022,20-2356-2022
20,889,2022,20-889-2022
20,2613,2022,20-2613-2022
20,2645,2022,20-2645-2022
20,261,2022,20-261-2022
20,262,2022,20-262-2022
20,673,2022,20-673-2022
20,1033,2022,20-1033-2022
20,2769,2022,20-2769-2022
52,789,2016,52-789-2016
52,790,2016,52-790-2016
52,1066,2016,52-1066-2016
52,2598,2016,52-2598-2016
52,2465,2016,52-2465-2016
52,2799,2016,52-2799-2016
22,682,2021,22-682-2021
22,2751,2021,22-2751-2021
23,816,2019,23-816-2019
23,931,2019,23-931-2019
23,267,2019,23-267-2019
23,2607,2019,23-2607-2019
23,2332,2019,23-2332-2019
23,2488,2019,23-2488-2019
23,299,2019,23-299-2019
23,301,2019,23-301-2019
23,925,2019,23-925-2019
23,2641,2019,23-2641-2019
23,685,2019,23-685-2019
23,817,2019,23-817-2019
23,1011,2019,23-1011-2019
23,2798,2019,23-2798-2019
23,302,2019,23-302-2019
23,791,2019,23-791-2019
106,1101,2019,106-1101-2019
106,2600,2019,106-2600-2019
106,1100,2019,106-1100-2019
106,2542,2019,106-2542-2019
24,303,2016,24-303-2016
24,803,2016,24-803-2016
24,304,2016,24-304-2016
24,933,2016,24-933-2016
24,2729,2016,24-2729-2016
24,306,2016,24-306-2016
26,692,2022,26-692-2022
26,317,2022,26-317-2022
26,318,2022,26-318-2022
26,1121,2022,26-1121-2022
26,2612,2022,26-2612-2022
26,319,2022,26-319-2022
26,978,2022,26-978-2022
26,320,2022,26-320-2022
26,1042,2022,26-1042-2022
26,321,2022,26-321-2022
26,322,2022,26-322-2022
26,2659,2022,26-2659-2022
26,2733,2022,26-2733-2022
26,338,2022,26-338-2022
26,2570,2022,26-2570-2022
26,882,2022,26-882-2022
26,323,2022,26-323-2022
26,2467,2022,26-2467-2022
26,326,2022,26-326-2022
26,2468,2022,26-2468-2022
26,336,2022,26-336-2022
26,2469,2022,26-2469-2022
26,2520,2022,26-2520-2022
26,2566,2022,26-2566-2022
26,985,2022,26-985-2022
26,340,2022,26-340-2022
26,342,2022,26-342-2022
26,827,2022,26-827-2022
26,2470,2022,26-2470-2022
26,347,2022,26-347-2022
26,2471,2022,26-2471-2022
26,356,2022,26-356-2022
26,1048,2022,26-1048-2022
26,350,2022,26-350-2022
26,872,2022,26-872-2022
26,2472,2022,26-2472-2022
26,1012,2022,26-1012-2022
26,2689,2022,26-2689-2022
26,2597,2022,26-2597-2022
26,2692,2022,26-2692-2022
26,2672,2022,26-2672-2022
26,2711,2022,26-2711-2022
26,2677,2022,26-2677-2022
26,2688,2022,26-2688-2022
26,986,2022,26-986-2022
26,2690,2022,26-2690-2022
26,2691,2022,26-2691-2022
26,694,2022,26-694-2022
26,2473,2022,26-2473-2022
26,880,2022,26-880-2022
26,364,2022,26-364-2022
26,2474,2022,26-2474-2022
26,368,2022,26-368-2022
26,2475,2022,26-2475-2022
26,2698,2022,26-2698-2022
26,2699,2022,26-2699-2022
26,373,2022,26-373-2022
26,2476,2022,26-2476-2022
26,2815,2022,26-2815-2022
26,1095,2022,26-1095-2022
26,705,2022,26-705-2022
26,2656,2022,26-2656-2022
56,2489,2020,56-2489-2020
56,2572,2020,56-2572-2020
56,2732,2020,56-2732-2020
56,2490,2020,56-2490-2020
56,2567,2020,56-2567-2020
56,2569,2020,56-2569-2020
27,377,2022,27-377-2022
27,706,2022,27-706-2022
27,378,2022,27-378-2022
27,379,2022,27-379-2022
27,380,2022,27-380-2022
27,381,2022,27-381-2022
27,382,2022,27-382-2022
27,383,2022,27-383-2022
27,858,2022,27-858-2022
27,707,2022,27-707-2022
27,1109,2022,27-1109-2022
27,710,2022,27-710-2022
27,384,2022,27-384-2022
27,866,2022,27-866-2022
27,2325,2022,27-2325-2022
27,385,2022,27-385-2022
27,711,2022,27-711-2022
27,712,2022,27-712-2022
27,1032,2022,27-1032-2022
27,875,2022,27-875-2022
27,874,2022,27-874-2022
27,718,2022,27-718-2022
27,377,2021,27-377-2021
27,377,2020,27-377-2020
27,377,2019,27-377-2019
27,377,2018,27-377-2018
27,377,2017,27-377-2017
27,377,2016,27-377-2016
27,377,2015,27-377-2015
27,377,2014,27-377-2014
27,377,2013,27-377-2013
27,377,2012,27-377-2012
27,377,2011,27-377-2011
27,377,2010,27-377-2010
27,377,2009,27-377-2009
27,377,2008,27-377-2008
27,706,2021,27-706-2021
27,706,2020,27-706-2020
27,706,2019,27-706-2019
27,706,2018,27-706-2018
27,706,2017,27-706-2017
27,706,2016,27-706-2016
27,706,2015,27-706-2015
27,706,2014,27-706-2014
27,706,2013,27-706-2013
27,706,2012,27-706-2012
27,706,2011,27-706-2011
27,706,2010,27-706-2010
27,706,2009,27-706-2009
27,2244,2010,27-2244-2010
27,2244,2009,27-2244-2009
27,2244,2008,27-2244-2008
27,378,2021,27-378-2021
27,378,2020,27-378-2020
27,378,2019,27-378-2019
27,378,2018,27-378-2018
27,378,2017,27-378-2017
27,378,2016,27-378-2016
27,378,2015,27-378-2015
27,378,2014,27-378-2014
27,378,2013,27-378-2013
27,378,2012,27-378-2012
27,378,2011,27-378-2011
27,378,2010,27-378-2010
27,378,2009,27-378-2009
27,378,2008,27-378-2008
27,379,2021,27-379-2021
27,379,2020,27-379-2020
27,379,2019,27-379-2019
27,379,2018,27-379-2018
27,379,2017,27-379-2017
27,379,2016,27-379-2016
27,379,2015,27-379-2015
27,379,2014,27-379-2014
27,379,2013,27-379-2013
27,379,2012,27-379-2012
27,379,2011,27-379-2011
27,379,2010,27-379-2010
27,379,2009,27-379-2009
27,379,2008,27-379-2008
27,380,2021,27-380-2021
27,380,2020,27-380-2020
27,380,2019,27-380-2019
27,380,2018,27-380-2018
27,380,2017,27-380-2017
27,380,2016,27-380-2016
27,380,2015,27-380-2015
27,380,2014,27-380-2014
27,380,2013,27-380-2013
27,380,2012,27-380-2012
27,380,2011,27-380-2011
27,380,2010,27-380-2010
27,2763,2018,27-2763-2018
27,2763,2017,27-2763-2017
27,2763,2016,27-2763-2016
27,2763,2015,27-2763-2015
27,2763,2014,27-2763-2014
27,2763,2013,27-2763-2013
27,2763,2012,27-2763-2012
27,2763,2011,27-2763-2011
27,2763,2010,27-2763-2010
27,2763,2009,27-2763-2009
27,2763,2008,27-2763-2008
27,381,2021,27-381-2021
27,381,2020,27-381-2020
27,381,2019,27-381-2019
27,381,2018,27-381-2018
27,381,2017,27-381-2017
27,381,2016,27-381-2016
27,381,2015,27-381-2015
27,381,2014,27-381-2014
27,381,2013,27-381-2013
27,381,2012,27-381-2012
27,381,2011,27-381-2011
27,381,2010,27-381-2010
27,381,2009,27-381-2009
27,381,2008,27-381-2008
27,382,2021,27-382-2021
27,382,2020,27-382-2020
27,382,2019,27-382-2019
27,382,2018,27-382-2018
27,382,2017,27-382-2017
27,382,2016,27-382-2016
27,382,2015,27-382-2015
27,382,2014,27-382-2014
27,382,2013,27-382-2013
27,382,2012,27-382-2012
27,382,2011,27-382-2011
27,382,2010,27-382-2010
27,382,2009,27-382-2009
27,382,2008,27-382-2008
27,383,2021,27-383-2021
27,383,2020,27-383-2020
27,383,2019,27-383-2019
27,383,2018,27-383-2018
27,383,2017,27-383-2017
27,383,2016,27-383-2016
27,383,2015,27-383-2015
27,383,2014,27-383-2014
27,383,2013,27-383-2013
27,383,2012,27-383-2012
27,383,2011,27-383-2011
27,383,2010,27-383-2010
27,383,2009,27-383-2009
27,383,2008,27-383-2008
27,858,2021,27-858-2021
27,858,2020,27-858-2020
27,858,2019,27-858-2019
27,858,2018,27-858-2018
27,858,2017,27-858-2017
27,858,2016,27-858-2016
27,858,2015,27-858-2015
27,858,2014,27-858-2014
27,858,2013,27-858-2013
27,858,2012,27-858-2012
27,858,2011,27-858-2011
27,858,2010,27-858-2010
27,858,2009,27-858-2009
27,707,2021,27-707-2021
27,707,2020,27-707-2020
27,707,2019,27-707-2019
27,707,2018,27-707-2018
27,707,2017,27-707-2017
27,707,2016,27-707-2016
27,707,2015,27-707-2015
27,707,2014,27-707-2014
27,707,2013,27-707-2013
27,1109,2020,27-1109-2020
27,1109,2019,27-1109-2019
27,1109,2018,27-1109-2018
27,1109,2017,27-1109-2017
27,1109,2016,27-1109-2016
27,1109,2015,27-1109-2015
27,1109,2014,27-1109-2014
27,1109,2013,27-1109-2013
27,710,2021,27-710-2021
27,710,2020,27-710-2020
27,710,2019,27-710-2019
27,710,2018,27-710-2018
27,710,2017,27-710-2017
27,710,2016,27-710-2016
27,710,2015,27-710-2015
27,710,2014,27-710-2014
27,710,2013,27-710-2013
27,710,2012,27-710-2012
27,710,2011,27-710-2011
27,710,2010,27-710-2010
27,710,2009,27-710-2009
27,710,2008,27-710-2008
27,384,2021,27-384-2021
27,384,2020,27-384-2020
27,384,2011,27-384-2011
27,384,2010,27-384-2010
27,384,2009,27-384-2009
27,866,2021,27-866-2021
27,866,2020,27-866-2020
27,866,2019,27-866-2019
27,866,2018,27-866-2018
27,866,2017,27-866-2017
27,866,2016,27-866-2016
27,866,2009,27-866-2009
27,2325,2021,27-2325-2021
27,2325,2020,27-2325-2020
27,2325,2019,27-2325-2019
27,2325,2018,27-2325-2018
27,2325,2017,27-2325-2017
27,2325,2016,27-2325-2016
27,2325,2015,27-2325-2015
27,2325,2014,27-2325-2014
27,2325,2013,27-2325-2013
27,2325,2012,27-2325-2012
27,2325,2011,27-2325-2011
27,2325,2008,27-2325-2008
27,385,2021,27-385-2021
27,385,2020,27-385-2020
27,385,2019,27-385-2019
27,385,2018,27-385-2018
27,385,2017,27-385-2017
27,385,2016,27-385-2016
27,385,2015,27-385-2015
27,385,2014,27-385-2014
27,385,2013,27-385-2013
27,385,2012,27-385-2012
27,385,2011,27-385-2011
27,385,2010,27-385-2010
27,385,2009,27-385-2009
27,385,2008,27-385-2008
27,711,2021,27-711-2021
27,711,2020,27-711-2020
27,711,2019,27-711-2019
27,711,2018,27-711-2018
27,711,2017,27-711-2017
27,711,2016,27-711-2016
27,711,2015,27-711-2015
27,711,2014,27-711-2014
27,711,2013,27-711-2013
27,711,2012,27-711-2012
27,711,2011,27-711-2011
27,711,2010,27-711-2010
27,711,2009,27-711-2009
27,711,2008,27-711-2008
27,2827,2021,27-2827-2021
27,2827,2020,27-2827-2020
27,2827,2019,27-2827-2019
27,2827,2018,27-2827-2018
27,2827,2017,27-2827-2017
27,2827,2016,27-2827-2016
27,2827,2015,27-2827-2015
27,2827,2014,27-2827-2014
27,2827,2013,27-2827-2013
27,2827,2012,27-2827-2012
27,2827,2011,27-2827-2011
27,2827,2010,27-2827-2010
27,2827,2009,27-2827-2009
27,2827,2008,27-2827-2008
27,712,2021,27-712-2021
27,712,2020,27-712-2020
27,712,2019,27-712-2019
27,712,2015,27-712-2015
27,712,2014,27-712-2014
27,712,2013,27-712-2013
27,712,2012,27-712-2012
27,712,2011,27-712-2011
27,712,2010,27-712-2010
27,712,2009,27-712-2009
27,712,2008,27-712-2008
27,1032,2021,27-1032-2021
27,1032,2020,27-1032-2020
27,1032,2019,27-1032-2019
27,1032,2018,27-1032-2018
27,1032,2017,27-1032-2017
27,1032,2016,27-1032-2016
27,1032,2008,27-1032-2008
27,875,2021,27-875-2021
27,876,2017,27-876-2017
27,876,2016,27-876-2016
27,876,2015,27-876-2015
27,876,2014,27-876-2014
27,876,2013,27-876-2013
27,876,2012,27-876-2012
27,876,2011,27-876-2011
27,876,2010,27-876-2010
27,876,2009,27-876-2009
27,876,2008,27-876-2008
27,874,2021,27-874-2021
27,874,2020,27-874-2020
27,874,2019,27-874-2019
27,874,2018,27-874-2018
27,874,2017,27-874-2017
27,874,2016,27-874-2016
27,874,2015,27-874-2015
27,718,2021,27-718-2021
27,718,2020,27-718-2020
27,718,2019,27-718-2019
27,718,2018,27-718-2018
27,718,2017,27-718-2017
27,718,2016,27-718-2016
27,718,2015,27-718-2015
27,718,2014,27-718-2014
27,718,2013,27-718-2013
27,718,2012,27-718-2012
27,718,2011,27-718-2011
27,718,2010,27-718-2010
27,718,2009,27-718-2009
27,718,2008,27-718-2008
28,805,2022,28-805-2022
28,805,2021,28-805-2021
28,805,2020,28-805-2020
28,805,2019,28-805-2019
28,805,2018,28-805-2018
28,805,2017,28-805-2017
28,2256,2022,28-2256-2022
28,2256,2021,28-2256-2021
28,2256,2020,28-2256-2020
28,2256,2019,28-2256-2019
28,2256,2018,28-2256-2018
28,2256,2017,28-2256-2017
28,386,2022,28-386-2022
28,386,2021,28-386-2021
28,386,2020,28-386-2020
28,386,2019,28-386-2019
28,386,2018,28-386-2018
28,386,2017,28-386-2017
28,1102,2022,28-1102-2022
28,1102,2021,28-1102-2021
28,1102,2020,28-1102-2020
28,1102,2019,28-1102-2019
28,1102,2018,28-1102-2018
28,1102,2017,28-1102-2017
28,720,2022,28-720-2022
28,720,2021,28-720-2021
28,720,2020,28-720-2020
28,720,2019,28-720-2019
28,720,2018,28-720-2018
28,720,2017,28-720-2017
28,721,2022,28-721-2022
28,1027,2022,28-1027-2022
28,1027,2021,28-1027-2021
28,1027,2020,28-1027-2020
28,1027,2019,28-1027-2019
28,1027,2018,28-1027-2018
28,1027,2017,28-1027-2017
28,2258,2022,28-2258-2022
28,2258,2021,28-2258-2021
28,2258,2020,28-2258-2020
28,2258,2019,28-2258-2019
28,2258,2018,28-2258-2018
28,2316,2022,28-2316-2022
28,2316,2021,28-2316-2021
28,2316,2020,28-2316-2020
28,2316,2019,28-2316-2019
28,2316,2018,28-2316-2018
28,2316,2017,28-2316-2017
28,723,2022,28-723-2022
28,723,2021,28-723-2021
28,723,2020,28-723-2020
28,723,2019,28-723-2019
28,723,2018,28-723-2018
28,723,2017,28-723-2017
28,2701,2022,28-2701-2022
28,2701,2021,28-2701-2021
28,2701,2019,28-2701-2019
28,2701,2018,28-2701-2018
28,1001,2022,28-1001-2022
28,1001,2021,28-1001-2021
28,1001,2020,28-1001-2020
28,1001,2019,28-1001-2019
28,1001,2018,28-1001-2018
28,1001,2017,28-1001-2017
28,2314,2022,28-2314-2022
28,2314,2021,28-2314-2021
28,388,2022,28-388-2022
28,388,2021,28-388-2021
28,388,2020,28-388-2020
28,388,2019,28-388-2019
28,388,2018,28-388-2018
28,388,2017,28-388-2017
28,389,2022,28-389-2022
28,389,2021,28-389-2021
28,389,2020,28-389-2020
28,389,2019,28-389-2019
28,389,2018,28-389-2018
28,389,2017,28-389-2017
28,900,2022,28-900-2022
28,900,2021,28-900-2021
28,900,2020,28-900-2020
28,900,2019,28-900-2019
28,900,2018,28-900-2018
28,900,2017,28-900-2017
28,390,2022,28-390-2022
28,390,2021,28-390-2021
28,390,2020,28-390-2020
28,390,2019,28-390-2019
28,390,2018,28-390-2018
28,390,2017,28-390-2017
28,724,2022,28-724-2022
28,724,2021,28-724-2021
28,724,2020,28-724-2020
28,724,2019,28-724-2019
28,724,2018,28-724-2018
28,724,2017,28-724-2017
28,726,2022,28-726-2022
28,726,2021,28-726-2021
28,726,2020,28-726-2020
28,726,2019,28-726-2019
28,726,2018,28-726-2018
28,726,2017,28-726-2017
28,725,2022,28-725-2022
28,725,2021,28-725-2021
28,725,2020,28-725-2020
28,725,2019,28-725-2019
28,725,2018,28-725-2018
28,725,2017,28-725-2017
28,391,2022,28-391-2022
28,391,2021,28-391-2021
28,391,2020,28-391-2020
28,391,2019,28-391-2019
28,391,2018,28-391-2018
28,391,2017,28-391-2017
28,392,2022,28-392-2022
28,392,2021,28-392-2021
28,392,2020,28-392-2020
28,392,2019,28-392-2019
28,392,2018,28-392-2018
28,392,2017,28-392-2017
28,393,2022,28-393-2022
28,393,2021,28-393-2021
28,394,2022,28-394-2022
28,394,2021,28-394-2021
28,394,2020,28-394-2020
28,394,2019,28-394-2019
28,394,2018,28-394-2018
28,394,2017,28-394-2017
28,395,2022,28-395-2022
28,395,2021,28-395-2021
28,395,2020,28-395-2020
28,395,2019,28-395-2019
28,395,2018,28-395-2018
28,395,2017,28-395-2017
28,727,2022,28-727-2022
28,727,2021,28-727-2021
28,727,2020,28-727-2020
28,727,2019,28-727-2019
28,727,2018,28-727-2018
28,727,2017,28-727-2017
28,912,2022,28-912-2022
28,912,2021,28-912-2021
28,912,2020,28-912-2020
28,912,2019,28-912-2019
28,912,2018,28-912-2018
28,912,2017,28-912-2017
28,2377,2022,28-2377-2022
28,2377,2021,28-2377-2021
28,2377,2020,28-2377-2020
28,2377,2019,28-2377-2019
28,2377,2018,28-2377-2018
28,2377,2017,28-2377-2017
28,2318,2022,28-2318-2022
28,728,2022,28-728-2022
28,728,2021,28-728-2021
28,728,2020,28-728-2020
28,728,2019,28-728-2019
28,728,2018,28-728-2018
28,728,2017,28-728-2017
28,844,2022,28-844-2022
28,844,2021,28-844-2021
28,844,2020,28-844-2020
28,844,2019,28-844-2019
28,844,2018,28-844-2018
28,844,2017,28-844-2017
28,396,2022,28-396-2022
28,396,2021,28-396-2021
28,396,2020,28-396-2020
28,396,2019,28-396-2019
28,396,2018,28-396-2018
28,396,2017,28-396-2017
40,1117,2022,40-1117-2022
40,1117,2021,40-1117-2021
40,1117,2020,40-1117-2020
40,1117,2019,40-1117-2019
40,1117,2018,40-1117-2018
40,1117,2017,40-1117-2017
40,1117,2016,40-1117-2016
40,1117,2015,40-1117-2015
40,1117,2014,40-1117-2014
40,1117,2013,40-1117-2013
40,1117,2012,40-1117-2012
40,1117,2011,40-1117-2011
40,1117,2010,40-1117-2010
40,1117,2009,40-1117-2009
40,1117,2008,40-1117-2008
40,1117,2007,40-1117-2007
40,1117,2006,40-1117-2006
40,1117,2005,40-1117-2005
40,1117,2004,40-1117-2004
40,1117,2003,40-1117-2003
40,1117,2002,40-1117-2002
40,1117,2001,40-1117-2001
40,1117,2000,40-1117-2000
40,1117,1999,40-1117-1999
40,1117,1998,40-1117-1998
40,1117,1997,40-1117-1997
40,1117,1996,40-1117-1996
40,1117,1994,40-1117-1994
40,1117,1993,40-1117-1993
40,1117,1992,40-1117-1992
40,761,2022,40-761-2022
40,761,2021,40-761-2021
40,761,2020,40-761-2020
40,761,2019,40-761-2019
40,761,2018,40-761-2018
40,761,2017,40-761-2017
40,761,2016,40-761-2016
40,761,2015,40-761-2015
40,761,2014,40-761-2014
40,761,2013,40-761-2013
40,761,2012,40-761-2012
40,761,2011,40-761-2011
40,761,2010,40-761-2010
40,761,2009,40-761-2009
40,761,2008,40-761-2008
40,761,2007,40-761-2007
40,761,2006,40-761-2006
40,761,2005,40-761-2005
40,761,2004,40-761-2004
40,761,2003,40-761-2003
40,761,2002,40-761-2002
40,762,2022,40-762-2022
40,762,2021,40-762-2021
40,762,2020,40-762-2020
40,762,2019,40-762-2019
40,762,2018,40-762-2018
40,762,2017,40-762-2017
40,762,2016,40-762-2016
40,762,2015,40-762-2015
40,762,2014,40-762-2014
40,762,2013,40-762-2013
40,762,2012,40-762-2012
40,762,2011,40-762-2011
40,762,2010,40-762-2010
40,762,2009,40-762-2009
40,762,2008,40-762-2008
40,762,2007,40-762-2007
40,762,2006,40-762-2006
40,762,2005,40-762-2005
40,762,2004,40-762-2004
40,762,2003,40-762-2003
40,762,2002,40-762-2002
40,465,2022,40-465-2022
40,465,2021,40-465-2021
40,466,2022,40-466-2022
40,466,2021,40-466-2021
40,466,2020,40-466-2020
40,466,2019,40-466-2019
40,466,2018,40-466-2018
40,466,2017,40-466-2017
40,466,2016,40-466-2016
40,466,2015,40-466-2015
40,466,2014,40-466-2014
40,466,2013,40-466-2013
40,466,2012,40-466-2012
40,466,2011,40-466-2011
40,466,2010,40-466-2010
40,466,2009,40-466-2009
40,466,2008,40-466-2008
40,466,2007,40-466-2007
40,466,2006,40-466-2006
40,466,2005,40-466-2005
40,466,2004,40-466-2004
40,466,2003,40-466-2003
40,466,2002,40-466-2002
40,466,2001,40-466-2001
40,466,2000,40-466-2000
40,466,1999,40-466-1999
40,466,1998,40-466-1998
40,466,1997,40-466-1997
40,466,1996,40-466-1996
40,466,1995,40-466-1995
40,466,1994,40-466-1994
40,467,2022,40-467-2022
40,467,2021,40-467-2021
40,467,2020,40-467-2020
40,467,2019,40-467-2019
40,467,2018,40-467-2018
40,467,2017,40-467-2017
40,467,2016,40-467-2016
40,467,2015,40-467-2015
40,467,2014,40-467-2014
40,467,2013,40-467-2013
40,467,2012,40-467-2012
40,467,2011,40-467-2011
40,467,2010,40-467-2010
40,467,2009,40-467-2009
40,467,2008,40-467-2008
40,467,2007,40-467-2007
40,467,2006,40-467-2006
40,467,2005,40-467-2005
40,467,2004,40-467-2004
40,467,2003,40-467-2003
40,467,2002,40-467-2002
40,467,2001,40-467-2001
40,467,2000,40-467-2000
40,467,1999,40-467-1999
40,467,1998,40-467-1998
40,467,1997,40-467-1997
40,467,1996,40-467-1996
40,468,1998,40-468-1998
40,468,1997,40-468-1997
40,468,1996,40-468-1996
40,468,1995,40-468-1995
40,468,1994,40-468-1994
40,468,1993,40-468-1993
40,468,1992,40-468-1992
40,2823,2022,40-2823-2022
40,2823,2021,40-2823-2021
40,2823,2020,40-2823-2020
40,2823,2019,40-2823-2019
40,2823,2018,40-2823-2018
40,2823,2017,40-2823-2017
40,2823,2016,40-2823-2016
40,2823,2015,40-2823-2015
40,2823,2014,40-2823-2014
40,2823,2013,40-2823-2013
40,2823,2012,40-2823-2012
40,2823,2011,40-2823-2011
40,2823,2010,40-2823-2010
40,2823,2009,40-2823-2009
40,2823,2008,40-2823-2008
40,2823,2007,40-2823-2007
40,2823,2006,40-2823-2006
40,2823,2005,40-2823-2005
40,2823,2004,40-2823-2004
40,2823,2003,40-2823-2003
40,2823,2002,40-2823-2002
40,2823,2001,40-2823-2001
40,2823,2000,40-2823-2000
40,2823,1999,40-2823-1999
40,2823,1998,40-2823-1998
40,2823,1997,40-2823-1997
40,2823,1996,40-2823-1996
40,2823,1995,40-2823-1995
40,2823,1994,40-2823-1994
40,2823,1993,40-2823-1993
40,2823,1992,40-2823-1992
40,904,2022,40-904-2022
40,904,2021,40-904-2021
40,904,2020,40-904-2020
40,904,2019,40-904-2019
40,904,2018,40-904-2018
40,904,2017,40-904-2017
40,904,2016,40-904-2016
40,904,2015,40-904-2015
40,904,2014,40-904-2014
40,904,2013,40-904-2013
40,904,2012,40-904-2012
40,904,2011,40-904-2011
40,904,2010,40-904-2010
40,904,2009,40-904-2009
40,904,2004,40-904-2004
40,904,2003,40-904-2003
40,904,2002,40-904-2002
40,904,2001,40-904-2001
40,904,2000,40-904-2000
40,904,1999,40-904-1999
40,904,1998,40-904-1998
40,904,1997,40-904-1997
40,904,1996,40-904-1996
40,904,1995,40-904-1995
40,904,1994,40-904-1994
40,904,1993,40-904-1993
40,904,1992,40-904-1992
40,469,2022,40-469-2022
40,469,2021,40-469-2021
40,469,2020,40-469-2020
40,469,2019,40-469-2019
40,469,2018,40-469-2018
40,469,2017,40-469-2017
40,469,2016,40-469-2016
40,469,2015,40-469-2015
40,469,2014,40-469-2014
40,469,2013,40-469-2013
40,469,2012,40-469-2012
40,469,2011,40-469-2011
40,469,2010,40-469-2010
40,469,2009,40-469-2009
40,469,2008,40-469-2008
40,469,2007,40-469-2007
40,469,2006,40-469-2006
40,469,2005,40-469-2005
40,469,2004,40-469-2004
40,469,2003,40-469-2003
40,469,2002,40-469-2002
40,469,2001,40-469-2001
40,469,2000,40-469-2000
40,469,1992,40-469-1992
40,470,2022,40-470-2022
40,470,2021,40-470-2021
40,470,2020,40-470-2020
40,470,2019,40-470-2019
40,470,2018,40-470-2018
40,470,2017,40-470-2017
40,470,2016,40-470-2016
40,470,2015,40-470-2015
40,470,2014,40-470-2014
40,470,2013,40-470-2013
40,470,2012,40-470-2012
40,470,2011,40-470-2011
40,470,2010,40-470-2010
40,470,2009,40-470-2009
40,470,2008,40-470-2008
40,470,2007,40-470-2007
40,470,2006,40-470-2006
40,470,2005,40-470-2005
40,470,2004,40-470-2004
40,470,2003,40-470-2003
40,470,2002,40-470-2002
40,470,2001,40-470-2001
40,470,2000,40-470-2000
40,470,1999,40-470-1999
40,470,1997,40-470-1997
40,470,1996,40-470-1996
40,470,1995,40-470-1995
40,470,1994,40-470-1994
40,470,1993,40-470-1993
40,470,1992,40-470-1992
40,2417,2022,40-2417-2022
40,2417,2012,40-2417-2012
40,2417,2011,40-2417-2011
40,2417,2010,40-2417-2010
40,2417,2009,40-2417-2009
40,2417,2008,40-2417-2008
40,2417,2007,40-2417-2007
40,2417,2006,40-2417-2006
40,2417,2005,40-2417-2005
40,2417,2004,40-2417-2004
40,2417,2003,40-2417-2003
40,2417,2002,40-2417-2002
40,2417,2001,40-2417-2001
40,2417,2000,40-2417-2000
40,2417,1999,40-2417-1999
40,2417,1998,40-2417-1998
40,2417,1997,40-2417-1997
40,2417,1996,40-2417-1996
40,2417,1995,40-2417-1995
40,2417,1994,40-2417-1994
40,2417,1993,40-2417-1993
40,2417,1992,40-2417-1992
40,2418,2022,40-2418-2022
40,2418,2012,40-2418-2012
40,2418,2011,40-2418-2011
40,2418,2010,40-2418-2010
40,2418,2009,40-2418-2009
40,2418,2008,40-2418-2008
40,2418,2007,40-2418-2007
40,2418,2006,40-2418-2006
40,2418,2005,40-2418-2005
40,2418,2004,40-2418-2004
40,2418,2003,40-2418-2003
40,2418,2002,40-2418-2002
40,2418,2001,40-2418-2001
40,2418,2000,40-2418-2000
40,2418,1999,40-2418-1999
40,2418,1998,40-2418-1998
40,2418,1997,40-2418-1997
40,2418,1996,40-2418-1996
40,2418,1995,40-2418-1995
40,2418,1994,40-2418-1994
40,2418,1993,40-2418-1993
40,2418,1992,40-2418-1992
40,977,2022,40-977-2022
40,977,2021,40-977-2021
40,977,2020,40-977-2020
40,977,2019,40-977-2019
40,977,2018,40-977-2018
40,977,2017,40-977-2017
40,977,2016,40-977-2016
40,977,2015,40-977-2015
40,977,2014,40-977-2014
40,977,2013,40-977-2013
40,977,2012,40-977-2012
40,977,2011,40-977-2011
40,977,2007,40-977-2007
40,977,2006,40-977-2006
40,977,2005,40-977-2005
40,977,2004,40-977-2004
40,977,2003,40-977-2003
40,977,2002,40-977-2002
40,977,2001,40-977-2001
40,977,2000,40-977-2000
40,977,1999,40-977-1999
40,977,1998,40-977-1998
40,977,1997,40-977-1997
40,977,1996,40-977-1996
40,977,1995,40-977-1995
40,977,1994,40-977-1994
40,977,1993,40-977-1993
40,977,1992,40-977-1992
40,763,2022,40-763-2022
40,764,2022,40-764-2022
40,764,2021,40-764-2021
40,764,2020,40-764-2020
40,764,2019,40-764-2019
40,764,2018,40-764-2018
40,764,2017,40-764-2017
40,764,2016,40-764-2016
40,764,2015,40-764-2015
40,764,2014,40-764-2014
40,764,2013,40-764-2013
40,764,2012,40-764-2012
40,764,2011,40-764-2011
40,764,2010,40-764-2010
40,764,2009,40-764-2009
40,764,2008,40-764-2008
40,764,2007,40-764-2007
40,764,2006,40-764-2006
40,764,2005,40-764-2005
40,766,2022,40-766-2022
40,766,2021,40-766-2021
40,766,2020,40-766-2020
40,766,2019,40-766-2019
40,766,2018,40-766-2018
40,766,2017,40-766-2017
40,766,2016,40-766-2016
40,766,2015,40-766-2015
40,766,2014,40-766-2014
40,766,2013,40-766-2013
40,766,2012,40-766-2012
40,766,2011,40-766-2011
40,766,2000,40-766-2000
40,766,1999,40-766-1999
40,766,1998,40-766-1998
40,766,1997,40-766-1997
40,766,1996,40-766-1996
40,766,1993,40-766-1993
40,766,1992,40-766-1992
40,471,2022,40-471-2022
40,471,2021,40-471-2021
40,471,2020,40-471-2020
40,471,2019,40-471-2019
40,471,2018,40-471-2018
40,471,2017,40-471-2017
40,471,2016,40-471-2016
40,471,2015,40-471-2015
40,471,2014,40-471-2014
40,471,2013,40-471-2013
40,471,2012,40-471-2012
40,471,2011,40-471-2011
40,471,2010,40-471-2010
40,471,2009,40-471-2009
40,471,2008,40-471-2008
40,471,2007,40-471-2007
40,471,2006,40-471-2006
40,471,2005,40-471-2005
40,471,2004,40-471-2004
40,471,2003,40-471-2003
40,471,2002,40-471-2002
40,471,2001,40-471-2001
40,471,2000,40-471-2000
40,471,1999,40-471-1999
40,471,1998,40-471-1998
40,471,1997,40-471-1997
40,471,1996,40-471-1996
40,471,1995,40-471-1995
40,471,1994,40-471-1994
40,472,2022,40-472-2022
40,472,2021,40-472-2021
40,472,2020,40-472-2020
40,472,2019,40-472-2019
40,472,2018,40-472-2018
40,472,2017,40-472-2017
40,472,2016,40-472-2016
40,472,2015,40-472-2015
40,472,2014,40-472-2014
40,472,2013,40-472-2013
40,472,2012,40-472-2012
40,472,2011,40-472-2011
40,472,2010,40-472-2010
40,472,2009,40-472-2009
40,472,2008,40-472-2008
40,472,2007,40-472-2007
40,472,2006,40-472-2006
40,472,2005,40-472-2005
40,472,2004,40-472-2004
40,472,2003,40-472-2003
40,472,2002,40-472-2002
40,472,2001,40-472-2001
40,472,2000,40-472-2000
40,472,1999,40-472-1999
40,472,1998,40-472-1998
40,472,1997,40-472-1997
40,473,2022,40-473-2022
40,473,2021,40-473-2021
40,473,2020,40-473-2020
40,473,2019,40-473-2019
40,473,2018,40-473-2018
40,473,2017,40-473-2017
40,473,2016,40-473-2016
40,473,2015,40-473-2015
40,473,2014,40-473-2014
40,473,2013,40-473-2013
40,473,2012,40-473-2012
40,473,2011,40-473-2011
40,473,2010,40-473-2010
40,473,2009,40-473-2009
40,473,2008,40-473-2008
40,473,2007,40-473-2007
40,473,2006,40-473-2006
40,473,2005,40-473-2005
40,473,2004,40-473-2004
40,473,2003,40-473-2003
40,473,2002,40-473-2002
40,473,2001,40-473-2001
40,473,2000,40-473-2000
40,473,1999,40-473-1999
40,473,1998,40-473-1998
40,473,1997,40-473-1997
40,2435,2022,40-2435-2022
40,2435,2021,40-2435-2021
40,2435,2014,40-2435-2014
40,2435,2011,40-2435-2011
40,2435,2010,40-2435-2010
40,2435,2009,40-2435-2009
40,2435,2008,40-2435-2008
40,2435,2007,40-2435-2007
40,2435,2006,40-2435-2006
40,2435,2005,40-2435-2005
40,2435,2004,40-2435-2004
40,2435,2003,40-2435-2003
40,2435,2002,40-2435-2002
40,2435,2001,40-2435-2001
40,2435,2000,40-2435-2000
40,2435,1999,40-2435-1999
40,2435,1998,40-2435-1998
40,2435,1997,40-2435-1997
40,2435,1996,40-2435-1996
40,2435,1995,40-2435-1995
40,2435,1994,40-2435-1994
40,2435,1993,40-2435-1993
40,2435,1992,40-2435-1992
40,767,2022,40-767-2022
40,767,2016,40-767-2016
40,767,1998,40-767-1998
40,767,1997,40-767-1997
40,767,1996,40-767-1996
40,767,1995,40-767-1995
40,767,1994,40-767-1994
40,767,1993,40-767-1993
40,767,1992,40-767-1992
40,768,2022,40-768-2022
40,768,2021,40-768-2021
40,768,2020,40-768-2020
40,768,2019,40-768-2019
40,768,2018,40-768-2018
40,768,2017,40-768-2017
40,768,2016,40-768-2016
40,768,2015,40-768-2015
40,768,2014,40-768-2014
40,768,2013,40-768-2013
40,768,2012,40-768-2012
40,768,2011,40-768-2011
40,768,2010,40-768-2010
40,768,2009,40-768-2009
40,768,2003,40-768-2003
40,768,2002,40-768-2002
40,768,2000,40-768-2000
40,768,1999,40-768-1999
40,768,1998,40-768-1998
40,768,1997,40-768-1997
40,768,1996,40-768-1996
40,768,1995,40-768-1995
40,768,1994,40-768-1994
40,768,1993,40-768-1993
40,768,1992,40-768-1992
40,835,2022,40-835-2022
40,835,2021,40-835-2021
40,835,2020,40-835-2020
40,835,2019,40-835-2019
40,835,2018,40-835-2018
40,835,2017,40-835-2017
40,835,2016,40-835-2016
40,835,2015,40-835-2015
40,835,2014,40-835-2014
40,835,2013,40-835-2013
40,835,2012,40-835-2012
40,835,2009,40-835-2009
40,835,2007,40-835-2007
40,835,2006,40-835-2006
40,835,2004,40-835-2004
40,835,2003,40-835-2003
40,835,2002,40-835-2002
40,835,2001,40-835-2001
40,835,2000,40-835-2000
40,835,1999,40-835-1999
40,835,1998,40-835-1998
40,835,1997,40-835-1997
40,835,1996,40-835-1996
40,835,1995,40-835-1995
40,835,1994,40-835-1994
40,835,1993,40-835-1993
40,835,1992,40-835-1992
40,474,2022,40-474-2022
40,474,2021,40-474-2021
40,474,2020,40-474-2020
40,474,2019,40-474-2019
40,474,2018,40-474-2018
40,474,2017,40-474-2017
40,474,2016,40-474-2016
40,474,2015,40-474-2015
40,474,2014,40-474-2014
40,474,2013,40-474-2013
40,474,2012,40-474-2012
40,474,2011,40-474-2011
40,474,2010,40-474-2010
40,474,2009,40-474-2009
40,474,2008,40-474-2008
40,474,2007,40-474-2007
40,474,2006,40-474-2006
40,474,2005,40-474-2005
40,474,2004,40-474-2004
40,474,2003,40-474-2003
40,474,2002,40-474-2002
40,474,2001,40-474-2001
40,474,2000,40-474-2000
40,474,1999,40-474-1999
40,474,1998,40-474-1998
40,474,1997,40-474-1997
40,474,1996,40-474-1996
40,474,1992,40-474-1992
40,765,2022,40-765-2022
40,765,2005,40-765-2005
40,765,2004,40-765-2004
40,765,2003,40-765-2003
40,765,2002,40-765-2002
40,765,2001,40-765-2001
40,765,2000,40-765-2000
40,765,1999,40-765-1999
40,765,1998,40-765-1998
40,765,1997,40-765-1997
40,765,1996,40-765-1996
40,765,1995,40-765-1995
40,765,1994,40-765-1994
40,765,1993,40-765-1993
40,765,1992,40-765-1992
40,769,2022,40-769-2022
40,769,2021,40-769-2021
40,769,2020,40-769-2020
40,769,2019,40-769-2019
40,769,2018,40-769-2018
40,769,2017,40-769-2017
40,769,2016,40-769-2016
40,769,2015,40-769-2015
40,769,2014,40-769-2014
40,769,2013,40-769-2013
40,769,2012,40-769-2012
40,769,2011,40-769-2011
40,769,2010,40-769-2010
40,769,2009,40-769-2009
40,769,2008,40-769-2008
40,769,2007,40-769-2007
40,769,2006,40-769-2006
40,769,2005,40-769-2005
40,769,2004,40-769-2004
40,769,2003,40-769-2003
40,769,2002,40-769-2002
40,769,2001,40-769-2001
40,769,2000,40-769-2000
40,769,1999,40-769-1999
40,769,1998,40-769-1998
40,769,1997,40-769-1997
40,769,1996,40-769-1996
40,769,1993,40-769-1993
40,769,1992,40-769-1992
40,1022,2022,40-1022-2022
40,1022,2021,40-1022-2021
40,1022,2020,40-1022-2020
40,1022,2019,40-1022-2019
40,1022,2018,40-1022-2018
40,1022,2017,40-1022-2017
40,1022,2016,40-1022-2016
40,1022,2015,40-1022-2015
40,1022,2014,40-1022-2014
40,1022,2013,40-1022-2013
40,1022,2012,40-1022-2012
40,1022,2011,40-1022-2011
40,1022,2010,40-1022-2010
40,1022,2009,40-1022-2009
40,1022,2007,40-1022-2007
40,1022,2006,40-1022-2006
40,1022,2005,40-1022-2005
40,1022,2004,40-1022-2004
40,1022,2003,40-1022-2003
40,1022,2002,40-1022-2002
40,1022,2001,40-1022-2001
40,1022,2000,40-1022-2000
40,1022,1999,40-1022-1999
40,1022,1998,40-1022-1998
40,1022,1997,40-1022-1997
40,1022,1996,40-1022-1996
40,1022,1995,40-1022-1995
40,1022,1994,40-1022-1994
40,1022,1993,40-1022-1993
40,1022,1992,40-1022-1992
40,1017,2022,40-1017-2022
40,1017,2021,40-1017-2021
40,1017,2020,40-1017-2020
40,1017,2019,40-1017-2019
40,1017,2018,40-1017-2018
40,1017,2017,40-1017-2017
40,1017,2016,40-1017-2016
40,1017,2015,40-1017-2015
40,1017,2014,40-1017-2014
40,1017,2013,40-1017-2013
40,1017,2012,40-1017-2012
40,1017,2011,40-1017-2011
40,1017,2002,40-1017-2002
40,1017,2001,40-1017-2001
40,1017,2000,40-1017-2000
40,1017,1999,40-1017-1999
40,1017,1998,40-1017-1998
40,1017,1997,40-1017-1997
40,1017,1996,40-1017-1996
40,1017,1995,40-1017-1995
40,1017,1994,40-1017-1994
40,1017,1993,40-1017-1993
40,1017,1992,40-1017-1992
40,770,2022,40-770-2022
40,770,2021,40-770-2021
40,770,2020,40-770-2020
40,770,2019,40-770-2019
40,770,2018,40-770-2018
40,770,2017,40-770-2017
40,770,2016,40-770-2016
40,770,2015,40-770-2015
40,770,2014,40-770-2014
40,770,2013,40-770-2013
40,770,2012,40-770-2012
40,770,2007,40-770-2007
40,770,2006,40-770-2006
40,770,2005,40-770-2005
40,770,2004,40-770-2004
40,770,2003,40-770-2003
40,770,2002,40-770-2002
40,770,2000,40-770-2000
40,770,1999,40-770-1999
40,770,1998,40-770-1998
40,770,1997,40-770-1997
40,770,1996,40-770-1996
40,770,1995,40-770-1995
40,770,1994,40-770-1994
40,770,1993,40-770-1993
40,770,1992,40-770-1992
40,2758,2018,40-2758-2018
40,2758,2017,40-2758-2017
40,2758,2016,40-2758-2016
40,2758,2015,40-2758-2015
40,2758,2014,40-2758-2014
40,2758,2013,40-2758-2013
40,2758,2012,40-2758-2012
40,2758,2011,40-2758-2011
40,2758,2010,40-2758-2010
40,2758,2009,40-2758-2009
40,2758,2008,40-2758-2008
40,2758,2007,40-2758-2007
40,2758,2006,40-2758-2006
40,2758,2005,40-2758-2005
40,2758,2004,40-2758-2004
40,2758,2003,40-2758-2003
40,2758,2002,40-2758-2002
40,2758,2001,40-2758-2001
40,2758,2000,40-2758-2000
40,2758,1999,40-2758-1999
40,2758,1998,40-2758-1998
40,2758,1997,40-2758-1997
40,2758,1996,40-2758-1996
40,2758,1995,40-2758-1995
40,2758,1994,40-2758-1994
40,2758,1993,40-2758-1993
40,2758,1992,40-2758-1992
40,2759,2018,40-2759-2018
40,2759,2017,40-2759-2017
40,2759,2016,40-2759-2016
40,2759,2015,40-2759-2015
40,2759,2014,40-2759-2014
40,2759,2013,40-2759-2013
40,2759,2012,40-2759-2012
40,2759,2011,40-2759-2011
40,2759,2010,40-2759-2010
40,2759,2009,40-2759-2009
40,2759,2008,40-2759-2008
40,2759,2007,40-2759-2007
40,2759,2006,40-2759-2006
40,2759,2005,40-2759-2005
40,2759,2004,40-2759-2004
40,2759,2003,40-2759-2003
40,2759,2002,40-2759-2002
40,2759,2001,40-2759-2001
40,2759,2000,40-2759-2000
40,2759,1999,40-2759-1999
40,2759,1998,40-2759-1998
40,2759,1997,40-2759-1997
40,2759,1996,40-2759-1996
40,2759,1995,40-2759-1995
40,2759,1994,40-2759-1994
40,2759,1993,40-2759-1993
40,2759,1992,40-2759-1992
29,397,2021,29-397-2021
29,397,2020,29-397-2020
29,397,2019,29-397-2019
29,397,2018,29-397-2018
29,397,2017,29-397-2017
29,397,2016,29-397-2016
29,397,2015,29-397-2015
29,397,2014,29-397-2014
29,397,2013,29-397-2013
29,2636,2014,29-2636-2014
29,2636,2013,29-2636-2013
29,399,2021,29-399-2021
29,399,2020,29-399-2020
29,399,2019,29-399-2019
29,399,2018,29-399-2018
29,399,2017,29-399-2017
29,399,2016,29-399-2016
29,399,2015,29-399-2015
29,399,2014,29-399-2014
29,399,2013,29-399-2013
29,398,2021,29-398-2021
29,398,2020,29-398-2020
29,398,2019,29-398-2019
29,398,2018,29-398-2018
29,398,2017,29-398-2017
29,398,2016,29-398-2016
29,398,2015,29-398-2015
29,398,2014,29-398-2014
29,398,2013,29-398-2013
29,401,2021,29-401-2021
29,401,2020,29-401-2020
29,401,2019,29-401-2019
29,401,2018,29-401-2018
29,401,2017,29-401-2017
29,401,2016,29-401-2016
29,401,2015,29-401-2015
29,401,2014,29-401-2014
29,401,2013,29-401-2013
29,400,2021,29-400-2021
29,400,2020,29-400-2020
29,400,2019,29-400-2019
29,400,2018,29-400-2018
29,400,2017,29-400-2017
29,400,2016,29-400-2016
29,400,2015,29-400-2015
29,400,2014,29-400-2014
29,400,2013,29-400-2013
29,820,2021,29-820-2021
29,820,2020,29-820-2020
29,820,2019,29-820-2019
29,820,2018,29-820-2018
29,820,2017,29-820-2017
29,820,2016,29-820-2016
29,820,2015,29-820-2015
29,820,2014,29-820-2014
29,820,2013,29-820-2013
29,948,2021,29-948-2021
29,948,2020,29-948-2020
29,948,2019,29-948-2019
29,948,2018,29-948-2018
29,948,2017,29-948-2017
29,948,2016,29-948-2016
29,949,2021,29-949-2021
29,949,2020,29-949-2020
29,949,2019,29-949-2019
29,949,2018,29-949-2018
29,949,2017,29-949-2017
29,949,2016,29-949-2016
29,950,2021,29-950-2021
29,950,2020,29-950-2020
29,950,2019,29-950-2019
29,950,2018,29-950-2018
29,950,2017,29-950-2017
29,950,2016,29-950-2016
29,950,2015,29-950-2015
29,950,2014,29-950-2014
29,987,2021,29-987-2021
29,987,2020,29-987-2020
29,987,2019,29-987-2019
29,987,2018,29-987-2018
29,987,2017,29-987-2017
29,987,2016,29-987-2016
29,987,2015,29-987-2015
29,987,2014,29-987-2014
29,1123,2021,29-1123-2021
29,1123,2017,29-1123-2017
29,404,2021,29-404-2021
29,404,2020,29-404-2020
29,404,2019,29-404-2019
29,404,2018,29-404-2018
29,404,2017,29-404-2017
29,404,2016,29-404-2016
29,404,2015,29-404-2015
29,404,2014,29-404-2014
29,404,2013,29-404-2013
29,402,2021,29-402-2021
29,402,2020,29-402-2020
29,402,2019,29-402-2019
29,402,2018,29-402-2018
29,402,2017,29-402-2017
29,402,2016,29-402-2016
29,402,2015,29-402-2015
29,402,2014,29-402-2014
29,402,2013,29-402-2013
29,403,2021,29-403-2021
29,403,2020,29-403-2020
29,403,2019,29-403-2019
29,403,2018,29-403-2018
29,403,2017,29-403-2017
29,403,2016,29-403-2016
29,403,2015,29-403-2015
29,403,2014,29-403-2014
29,403,2013,29-403-2013
29,405,2021,29-405-2021
29,405,2020,29-405-2020
29,405,2019,29-405-2019
29,405,2018,29-405-2018
29,405,2017,29-405-2017
29,405,2016,29-405-2016
29,405,2015,29-405-2015
29,405,2014,29-405-2014
29,405,2013,29-405-2013
29,406,2021,29-406-2021
29,406,2020,29-406-2020
29,406,2019,29-406-2019
29,406,2018,29-406-2018
29,406,2017,29-406-2017
29,406,2016,29-406-2016
29,406,2015,29-406-2015
29,406,2014,29-406-2014
29,406,2013,29-406-2013
29,840,2021,29-840-2021
29,840,2020,29-840-2020
29,840,2019,29-840-2019
29,840,2018,29-840-2018
29,840,2017,29-840-2017
29,840,2016,29-840-2016
29,840,2015,29-840-2015
29,840,2014,29-840-2014
29,840,2013,29-840-2013
29,886,2021,29-886-2021
29,886,2020,29-886-2020
29,886,2019,29-886-2019
29,886,2018,29-886-2018
29,886,2017,29-886-2017
29,886,2016,29-886-2016
29,886,2015,29-886-2015
29,886,2014,29-886-2014
29,886,2013,29-886-2013
29,407,2021,29-407-2021
29,407,2020,29-407-2020
29,407,2019,29-407-2019
29,407,2018,29-407-2018
29,407,2017,29-407-2017
29,407,2016,29-407-2016
29,407,2015,29-407-2015
29,407,2014,29-407-2014
29,407,2013,29-407-2013
29,2351,2021,29-2351-2021
29,2351,2020,29-2351-2020
29,2393,2021,29-2393-2021
29,2393,2020,29-2393-2020
29,2393,2019,29-2393-2019
29,2393,2018,29-2393-2018
29,2393,2017,29-2393-2017
29,2393,2016,29-2393-2016
29,409,2021,29-409-2021
29,409,2020,29-409-2020
29,409,2019,29-409-2019
29,409,2018,29-409-2018
29,409,2017,29-409-2017
29,409,2016,29-409-2016
29,409,2015,29-409-2015
29,409,2014,29-409-2014
29,409,2013,29-409-2013
29,408,2021,29-408-2021
29,408,2020,29-408-2020
29,408,2019,29-408-2019
29,408,2018,29-408-2018
29,408,2017,29-408-2017
29,408,2016,29-408-2016
29,408,2015,29-408-2015
29,408,2014,29-408-2014
29,408,2013,29-408-2013
29,412,2021,29-412-2021
29,412,2020,29-412-2020
29,412,2019,29-412-2019
29,412,2018,29-412-2018
29,412,2017,29-412-2017
29,412,2016,29-412-2016
29,412,2015,29-412-2015
29,412,2014,29-412-2014
29,412,2013,29-412-2013
29,410,2021,29-410-2021
29,410,2020,29-410-2020
29,410,2019,29-410-2019
29,410,2018,29-410-2018
29,410,2017,29-410-2017
29,410,2016,29-410-2016
29,410,2015,29-410-2015
29,410,2014,29-410-2014
29,410,2013,29-410-2013
29,411,2021,29-411-2021
29,411,2020,29-411-2020
29,411,2019,29-411-2019
29,411,2018,29-411-2018
29,411,2017,29-411-2017
29,411,2016,29-411-2016
29,411,2015,29-411-2015
29,411,2014,29-411-2014
29,411,2013,29-411-2013
29,848,2021,29-848-2021
29,848,2020,29-848-2020
29,848,2019,29-848-2019
29,848,2018,29-848-2018
29,848,2017,29-848-2017
29,848,2016,29-848-2016
29,848,2015,29-848-2015
29,848,2014,29-848-2014
29,848,2013,29-848-2013
29,849,2021,29-849-2021
29,849,2020,29-849-2020
29,849,2019,29-849-2019
29,849,2018,29-849-2018
29,849,2017,29-849-2017
29,849,2016,29-849-2016
29,849,2015,29-849-2015
29,849,2014,29-849-2014
29,849,2013,29-849-2013
29,2249,2021,29-2249-2021
29,2249,2020,29-2249-2020
29,2754,2021,29-2754-2021
29,2754,2018,29-2754-2018
29,2754,2017,29-2754-2017
29,2754,2016,29-2754-2016
29,2754,2015,29-2754-2015
29,2754,2014,29-2754-2014
29,2754,2013,29-2754-2013
29,729,2021,29-729-2021
29,729,2020,29-729-2020
29,729,2019,29-729-2019
29,729,2018,29-729-2018
29,729,2017,29-729-2017
29,729,2016,29-729-2016
29,729,2015,29-729-2015
29,729,2014,29-729-2014
29,729,2013,29-729-2013
29,413,2021,29-413-2021
29,413,2020,29-413-2020
29,413,2019,29-413-2019
29,413,2018,29-413-2018
29,413,2017,29-413-2017
29,413,2016,29-413-2016
29,413,2015,29-413-2015
29,413,2014,29-413-2014
29,413,2013,29-413-2013
29,2384,2021,29-2384-2021
29,2384,2020,29-2384-2020
29,2384,2019,29-2384-2019
29,2384,2018,29-2384-2018
29,2384,2017,29-2384-2017
29,2384,2016,29-2384-2016
29,2384,2015,29-2384-2015
29,2384,2014,29-2384-2014
29,414,2021,29-414-2021
29,414,2020,29-414-2020
29,414,2019,29-414-2019
29,414,2018,29-414-2018
29,414,2017,29-414-2017
29,414,2016,29-414-2016
29,414,2015,29-414-2015
29,414,2014,29-414-2014
29,414,2013,29-414-2013
29,415,2021,29-415-2021
29,415,2020,29-415-2020
29,415,2019,29-415-2019
29,415,2018,29-415-2018
29,415,2017,29-415-2017
29,415,2016,29-415-2016
29,415,2015,29-415-2015
29,415,2014,29-415-2014
29,415,2013,29-415-2013
29,416,2021,29-416-2021
29,416,2020,29-416-2020
29,416,2019,29-416-2019
29,416,2018,29-416-2018
29,416,2017,29-416-2017
29,416,2016,29-416-2016
29,416,2015,29-416-2015
29,416,2014,29-416-2014
29,416,2013,29-416-2013
29,822,2021,29-822-2021
29,822,2020,29-822-2020
29,822,2019,29-822-2019
29,822,2018,29-822-2018
29,822,2017,29-822-2017
29,822,2016,29-822-2016
29,822,2015,29-822-2015
29,822,2014,29-822-2014
29,822,2013,29-822-2013
29,730,2018,29-730-2018
29,2743,2017,29-2743-2017
29,2743,2016,29-2743-2016
29,2743,2015,29-2743-2015
29,2743,2014,29-2743-2014
29,2743,2013,29-2743-2013
29,1086,2021,29-1086-2021
29,1086,2020,29-1086-2020
29,1086,2019,29-1086-2019
29,1086,2018,29-1086-2018
29,1086,2017,29-1086-2017
29,1086,2016,29-1086-2016
29,1086,2015,29-1086-2015
29,2323,2021,29-2323-2021
29,2323,2020,29-2323-2020
29,2323,2019,29-2323-2019
29,2323,2018,29-2323-2018
29,2323,2017,29-2323-2017
29,2323,2016,29-2323-2016
29,2323,2015,29-2323-2015
29,2323,2014,29-2323-2014
29,2323,2013,29-2323-2013
30,2697,2020,30-2697-2020
30,2697,2016,30-2697-2016
30,2697,2015,30-2697-2015
30,2697,2014,30-2697-2014
30,2697,2013,30-2697-2013
30,2697,2012,30-2697-2012
30,2697,2011,30-2697-2011
30,2697,2010,30-2697-2010
30,2697,2009,30-2697-2009
30,2697,2008,30-2697-2008
30,2697,2007,30-2697-2007
30,2697,2006,30-2697-2006
30,2697,2005,30-2697-2005
30,2697,2004,30-2697-2004
30,2697,2003,30-2697-2003
30,2697,2002,30-2697-2002
30,2715,2016,30-2715-2016
30,2715,2015,30-2715-2015
30,2715,2014,30-2715-2014
30,2715,2013,30-2715-2013
30,2715,2012,30-2715-2012
30,2715,2011,30-2715-2011
30,2715,2010,30-2715-2010
30,2715,2009,30-2715-2009
30,2715,2008,30-2715-2008
30,2715,2007,30-2715-2007
30,2715,2006,30-2715-2006
30,2715,2005,30-2715-2005
30,2715,2004,30-2715-2004
30,2715,2003,30-2715-2003
30,2715,2002,30-2715-2002
30,873,2010,30-873-2010
30,873,2009,30-873-2009
30,873,2008,30-873-2008
30,873,2007,30-873-2007
30,873,2006,30-873-2006
30,873,2005,30-873-2005
30,873,2004,30-873-2004
30,873,2003,30-873-2003
30,873,2002,30-873-2002
30,425,2020,30-425-2020
30,425,2019,30-425-2019
30,425,2018,30-425-2018
30,425,2017,30-425-2017
30,425,2016,30-425-2016
30,425,2015,30-425-2015
30,425,2014,30-425-2014
30,425,2013,30-425-2013
30,425,2012,30-425-2012
30,425,2011,30-425-2011
30,425,2010,30-425-2010
30,425,2009,30-425-2009
30,425,2008,30-425-2008
30,425,2007,30-425-2007
30,425,2006,30-425-2006
30,425,2005,30-425-2005
30,425,2004,30-425-2004
30,425,2003,30-425-2003
30,425,2002,30-425-2002
30,2308,2020,30-2308-2020
30,2308,2019,30-2308-2019
30,2308,2018,30-2308-2018
30,2308,2017,30-2308-2017
30,2308,2016,30-2308-2016
30,2308,2015,30-2308-2015
30,2308,2014,30-2308-2014
30,2308,2013,30-2308-2013
30,2308,2012,30-2308-2012
30,2308,2011,30-2308-2011
30,2308,2010,30-2308-2010
30,2308,2009,30-2308-2009
30,2308,2008,30-2308-2008
30,2308,2007,30-2308-2007
30,2308,2006,30-2308-2006
30,2308,2005,30-2308-2005
30,2308,2004,30-2308-2004
30,2308,2003,30-2308-2003
30,2308,2002,30-2308-2002
30,426,2020,30-426-2020
30,426,2019,30-426-2019
30,426,2018,30-426-2018
30,426,2017,30-426-2017
30,426,2016,30-426-2016
30,426,2015,30-426-2015
30,426,2014,30-426-2014
30,426,2013,30-426-2013
30,426,2012,30-426-2012
30,426,2011,30-426-2011
30,426,2010,30-426-2010
30,426,2009,30-426-2009
30,426,2008,30-426-2008
30,426,2007,30-426-2007
30,426,2006,30-426-2006
30,426,2005,30-426-2005
30,426,2004,30-426-2004
30,426,2003,30-426-2003
30,426,2002,30-426-2002
30,427,2020,30-427-2020
30,427,2019,30-427-2019
30,427,2018,30-427-2018
30,427,2017,30-427-2017
30,427,2016,30-427-2016
30,427,2015,30-427-2015
30,427,2014,30-427-2014
30,427,2013,30-427-2013
30,427,2012,30-427-2012
30,427,2011,30-427-2011
30,427,2010,30-427-2010
30,427,2009,30-427-2009
30,427,2008,30-427-2008
30,427,2007,30-427-2007
30,427,2006,30-427-2006
30,427,2005,30-427-2005
30,427,2004,30-427-2004
30,427,2003,30-427-2003
30,427,2002,30-427-2002
30,428,2020,30-428-2020
30,428,2019,30-428-2019
30,428,2018,30-428-2018
30,428,2017,30-428-2017
30,871,2020,30-871-2020
30,871,2019,30-871-2019
30,871,2018,30-871-2018
30,871,2017,30-871-2017
30,871,2016,30-871-2016
30,871,2015,30-871-2015
30,871,2014,30-871-2014
30,871,2013,30-871-2013
30,871,2012,30-871-2012
30,871,2011,30-871-2011
30,871,2010,30-871-2010
30,871,2009,30-871-2009
30,871,2008,30-871-2008
30,871,2007,30-871-2007
30,871,2005,30-871-2005
30,871,2003,30-871-2003
30,871,2002,30-871-2002
30,870,2020,30-870-2020
30,870,2019,30-870-2019
30,870,2018,30-870-2018
30,870,2017,30-870-2017
30,870,2016,30-870-2016
30,870,2015,30-870-2015
30,870,2014,30-870-2014
30,870,2013,30-870-2013
30,870,2012,30-870-2012
30,870,2011,30-870-2011
30,870,2010,30-870-2010
30,870,2009,30-870-2009
30,870,2008,30-870-2008
30,870,2007,30-870-2007
30,870,2006,30-870-2006
30,870,2005,30-870-2005
30,870,2004,30-870-2004
30,870,2003,30-870-2003
30,870,2002,30-870-2002
30,2541,2014,30-2541-2014
30,2541,2013,30-2541-2013
30,2541,2012,30-2541-2012
30,2541,2011,30-2541-2011
30,2541,2010,30-2541-2010
30,2541,2009,30-2541-2009
30,2541,2008,30-2541-2008
30,2541,2007,30-2541-2007
30,2541,2006,30-2541-2006
30,2541,2005,30-2541-2005
30,2541,2004,30-2541-2004
30,2541,2003,30-2541-2003
30,2541,2002,30-2541-2002
30,1053,2008,30-1053-2008
30,1053,2007,30-1053-2007
30,1053,2006,30-1053-2006
30,1053,2005,30-1053-2005
30,1053,2004,30-1053-2004
30,1053,2003,30-1053-2003
30,1053,2002,30-1053-2002
30,2824,2020,30-2824-2020
30,2824,2019,30-2824-2019
30,2824,2018,30-2824-2018
30,2824,2017,30-2824-2017
30,2824,2016,30-2824-2016
30,2824,2015,30-2824-2015
30,2824,2014,30-2824-2014
30,2824,2013,30-2824-2013
30,2824,2012,30-2824-2012
30,2824,2011,30-2824-2011
30,2824,2010,30-2824-2010
30,2824,2009,30-2824-2009
30,2824,2008,30-2824-2008
30,2824,2007,30-2824-2007
30,2824,2006,30-2824-2006
30,2824,2005,30-2824-2005
30,2824,2004,30-2824-2004
30,2824,2003,30-2824-2003
30,2824,2002,30-2824-2002
31,429,2022,31-429-2022
31,429,2021,31-429-2021
31,429,2020,31-429-2020
31,429,2019,31-429-2019
31,429,2018,31-429-2018
31,429,2017,31-429-2017
31,429,2016,31-429-2016
31,429,2015,31-429-2015
31,429,2014,31-429-2014
31,429,2013,31-429-2013
31,429,2012,31-429-2012
31,430,2022,31-430-2022
31,430,2021,31-430-2021
31,430,2020,31-430-2020
31,430,2019,31-430-2019
31,430,2018,31-430-2018
31,430,2017,31-430-2017
31,430,2016,31-430-2016
31,430,2015,31-430-2015
31,430,2014,31-430-2014
31,430,2013,31-430-2013
31,430,2012,31-430-2012
31,2717,2022,31-2717-2022
31,2717,2016,31-2717-2016
31,2717,2015,31-2717-2015
31,2717,2014,31-2717-2014
31,2717,2013,31-2717-2013
31,2717,2012,31-2717-2012
31,431,2022,31-431-2022
31,431,2021,31-431-2021
31,431,2020,31-431-2020
31,431,2019,31-431-2019
31,431,2018,31-431-2018
31,431,2017,31-431-2017
31,432,2022,31-432-2022
31,432,2021,31-432-2021
31,432,2020,31-432-2020
31,432,2019,31-432-2019
31,432,2018,31-432-2018
31,432,2017,31-432-2017
31,432,2016,31-432-2016
31,432,2015,31-432-2015
31,432,2014,31-432-2014
31,432,2013,31-432-2013
31,432,2012,31-432-2012
31,2652,2018,31-2652-2018
31,2652,2017,31-2652-2017
31,2652,2016,31-2652-2016
31,2652,2015,31-2652-2015
31,2652,2014,31-2652-2014
31,2652,2013,31-2652-2013
31,2652,2012,31-2652-2012
31,2243,2022,31-2243-2022
31,2243,2021,31-2243-2021
31,2243,2020,31-2243-2020
31,2243,2019,31-2243-2019
31,928,2022,31-928-2022
31,928,2021,31-928-2021
31,928,2020,31-928-2020
31,928,2019,31-928-2019
31,928,2018,31-928-2018
31,928,2017,31-928-2017
31,928,2016,31-928-2016
31,928,2015,31-928-2015
31,928,2014,31-928-2014
31,928,2013,31-928-2013
31,928,2012,31-928-2012
31,737,2022,31-737-2022
31,737,2021,31-737-2021
31,737,2020,31-737-2020
31,737,2019,31-737-2019
31,737,2018,31-737-2018
31,737,2017,31-737-2017
31,737,2016,31-737-2016
31,737,2015,31-737-2015
31,737,2014,31-737-2014
31,737,2013,31-737-2013
31,737,2012,31-737-2012
31,736,2022,31-736-2022
31,736,2021,31-736-2021
31,736,2020,31-736-2020
31,736,2019,31-736-2019
31,2727,2017,31-2727-2017
31,2727,2016,31-2727-2016
31,2727,2015,31-2727-2015
31,2727,2014,31-2727-2014
31,2727,2013,31-2727-2013
31,2727,2012,31-2727-2012
31,435,2022,31-435-2022
31,435,2021,31-435-2021
31,435,2020,31-435-2020
31,435,2019,31-435-2019
31,435,2018,31-435-2018
31,435,2017,31-435-2017
31,435,2016,31-435-2016
31,435,2015,31-435-2015
31,435,2014,31-435-2014
31,435,2013,31-435-2013
31,435,2012,31-435-2012
31,867,2022,31-867-2022
31,867,2021,31-867-2021
31,867,2020,31-867-2020
31,867,2019,31-867-2019
31,867,2018,31-867-2018
31,867,2017,31-867-2017
31,867,2016,31-867-2016
31,867,2015,31-867-2015
31,867,2014,31-867-2014
31,867,2013,31-867-2013
31,867,2012,31-867-2012
31,2497,2022,31-2497-2022
31,2497,2021,31-2497-2021
31,2497,2020,31-2497-2020
31,2497,2019,31-2497-2019
31,2497,2018,31-2497-2018
31,2497,2017,31-2497-2017
31,2497,2016,31-2497-2016
31,2497,2015,31-2497-2015
31,2497,2014,31-2497-2014
31,2497,2013,31-2497-2013
31,2497,2012,31-2497-2012
31,927,2022,31-927-2022
31,927,2021,31-927-2021
31,927,2020,31-927-2020
31,927,2019,31-927-2019
31,927,2018,31-927-2018
31,927,2017,31-927-2017
31,927,2016,31-927-2016
31,927,2015,31-927-2015
31,927,2014,31-927-2014
31,927,2013,31-927-2013
31,927,2012,31-927-2012
31,903,2022,31-903-2022
31,903,2021,31-903-2021
31,903,2020,31-903-2020
31,903,2019,31-903-2019
31,903,2018,31-903-2018
31,903,2017,31-903-2017
31,903,2016,31-903-2016
31,903,2015,31-903-2015
31,903,2014,31-903-2014
31,437,2022,31-437-2022
31,437,2021,31-437-2021
31,437,2020,31-437-2020
31,437,2019,31-437-2019
31,437,2018,31-437-2018
31,437,2017,31-437-2017
31,437,2016,31-437-2016
31,437,2015,31-437-2015
31,437,2014,31-437-2014
31,437,2013,31-437-2013
31,437,2012,31-437-2012
31,439,2022,31-439-2022
31,439,2021,31-439-2021
31,439,2020,31-439-2020
31,439,2019,31-439-2019
31,439,2018,31-439-2018
31,439,2017,31-439-2017
31,439,2016,31-439-2016
31,439,2015,31-439-2015
31,439,2014,31-439-2014
31,439,2013,31-439-2013
31,439,2012,31-439-2012
31,440,2022,31-440-2022
31,440,2021,31-440-2021
31,440,2020,31-440-2020
31,440,2019,31-440-2019
31,440,2018,31-440-2018
31,440,2017,31-440-2017
31,440,2016,31-440-2016
31,440,2015,31-440-2015
31,440,2014,31-440-2014
31,440,2013,31-440-2013
31,440,2012,31-440-2012
31,438,2022,31-438-2022
31,438,2021,31-438-2021
31,438,2020,31-438-2020
31,438,2019,31-438-2019
31,438,2018,31-438-2018
31,438,2017,31-438-2017
31,438,2016,31-438-2016
31,438,2015,31-438-2015
31,438,2014,31-438-2014
31,438,2013,31-438-2013
31,438,2012,31-438-2012
31,998,2022,31-998-2022
31,998,2021,31-998-2021
31,998,2020,31-998-2020
31,998,2019,31-998-2019
31,998,2018,31-998-2018
31,998,2017,31-998-2017
31,998,2016,31-998-2016
31,998,2015,31-998-2015
31,998,2014,31-998-2014
31,742,2022,31-742-2022
31,742,2021,31-742-2021
31,742,2020,31-742-2020
31,742,2019,31-742-2019
31,742,2018,31-742-2018
31,742,2017,31-742-2017
31,742,2016,31-742-2016
31,742,2015,31-742-2015
31,742,2014,31-742-2014
31,742,2013,31-742-2013
31,742,2012,31-742-2012
31,441,2022,31-441-2022
31,441,2021,31-441-2021
31,441,2020,31-441-2020
31,441,2019,31-441-2019
31,441,2018,31-441-2018
31,441,2017,31-441-2017
31,441,2016,31-441-2016
31,441,2015,31-441-2015
31,441,2014,31-441-2014
31,441,2013,31-441-2013
31,441,2012,31-441-2012
31,2771,2021,31-2771-2021
31,2771,2020,31-2771-2020
31,2771,2018,31-2771-2018
31,2771,2017,31-2771-2017
31,2771,2016,31-2771-2016
31,2771,2015,31-2771-2015
31,2771,2012,31-2771-2012
238,2687,2013,238-2687-2013
238,2687,2012,238-2687-2012
238,2687,2011,238-2687-2011
238,2599,2016,238-2599-2016
238,2599,2013,238-2599-2013
238,2599,2012,238-2599-2012
238,2599,2011,238-2599-2011
41,929,2018,41-929-2018
41,929,2015,41-929-2015
36,480,1994,36-480-1994
36,480,1993,36-480-1993
36,480,1986,36-480-1986
36,480,1985,36-480-1985
36,480,1984,36-480-1984
36,480,1983,36-480-1983
36,480,1982,36-480-1982
36,480,1981,36-480-1981
41,929,2003,41-929-2003
41,929,2001,41-929-2001
41,930,2003,41-930-2003
41,930,2001,41-930-2001
41,449,2018,41-449-2018
41,449,2015,41-449-2015
41,449,2012,41-449-2012
41,449,2011,41-449-2011
41,449,2001,41-449-2001
41,744,2018,41-744-2018
41,2765,2015,41-2765-2015
41,2765,2012,41-2765-2012
41,2765,2011,41-2765-2011
41,2765,2003,41-2765-2003
41,2765,2001,41-2765-2001
33,944,2018,33-944-2018
33,944,2017,33-944-2017
33,944,2016,33-944-2016
33,944,2015,33-944-2015
33,944,2014,33-944-2014
33,944,2012,33-944-2012
33,944,2007,33-944-2007
33,944,2006,33-944-2006
33,944,2005,33-944-2005
33,944,2004,33-944-2004
33,944,2003,33-944-2003
33,944,2002,33-944-2002
33,944,2001,33-944-2001
33,944,2000,33-944-2000
33,944,1999,33-944-1999
33,944,1998,33-944-1998
33,944,1997,33-944-1997
34,756,2022,34-756-2022
34,756,2021,34-756-2021
34,756,2020,34-756-2020
34,756,2019,34-756-2019
34,756,2018,34-756-2018
34,756,2017,34-756-2017
34,756,2016,34-756-2016
34,756,2015,34-756-2015
34,756,2014,34-756-2014
34,756,2013,34-756-2013
34,756,2012,34-756-2012
34,756,2011,34-756-2011
34,756,2010,34-756-2010
34,756,2009,34-756-2009
34,756,2003,34-756-2003
34,756,2002,34-756-2002
34,756,2001,34-756-2001
34,756,2000,34-756-2000
34,756,1999,34-756-1999
34,756,1998,34-756-1998
35,468,2002,35-468-2002
35,468,2001,35-468-2001
35,468,2000,35-468-2000
35,468,1999,35-468-1999
35,468,1998,35-468-1998
35,468,1997,35-468-1997
35,468,1996,35-468-1996
35,468,1995,35-468-1995
35,468,1994,35-468-1994
35,468,1993,35-468-1993
35,468,1992,35-468-1992
35,2823,2022,35-2823-2022
35,2823,2021,35-2823-2021
35,2823,2020,35-2823-2020
35,2823,2019,35-2823-2019
35,2823,2018,35-2823-2018
35,2823,2017,35-2823-2017
35,2823,2016,35-2823-2016
35,2823,2015,35-2823-2015
35,2823,2014,35-2823-2014
35,2823,2013,35-2823-2013
35,2823,2012,35-2823-2012
35,2823,2011,35-2823-2011
35,2823,2010,35-2823-2010
35,2823,2009,35-2823-2009
35,2823,2008,35-2823-2008
35,2823,2007,35-2823-2007
35,2823,2006,35-2823-2006
35,2823,2005,35-2823-2005
35,2823,2004,35-2823-2004
35,2823,2003,35-2823-2003
35,2823,2002,35-2823-2002
35,2823,2001,35-2823-2001
35,2823,2000,35-2823-2000
35,2823,1999,35-2823-1999
35,2823,1998,35-2823-1998
35,2823,1997,35-2823-1997
35,2823,1996,35-2823-1996
35,2823,1995,35-2823-1995
35,2823,1994,35-2823-1994
35,2823,1993,35-2823-1993
35,2823,1992,35-2823-1992
35,904,2022,35-904-2022
35,904,2021,35-904-2021
35,904,2020,35-904-2020
35,904,2019,35-904-2019
35,904,2018,35-904-2018
35,904,2017,35-904-2017
35,904,2016,35-904-2016
35,904,2015,35-904-2015
35,904,2014,35-904-2014
35,904,2013,35-904-2013
35,904,2012,35-904-2012
35,904,2011,35-904-2011
35,904,2010,35-904-2010
35,904,2009,35-904-2009
35,904,2004,35-904-2004
35,904,2003,35-904-2003
35,904,2002,35-904-2002
35,904,2001,35-904-2001
35,904,2000,35-904-2000
35,904,1999,35-904-1999
35,904,1998,35-904-1998
35,904,1997,35-904-1997
35,904,1996,35-904-1996
35,904,1995,35-904-1995
35,904,1994,35-904-1994
35,904,1993,35-904-1993
35,904,1992,35-904-1992
35,469,2022,35-469-2022
35,469,2021,35-469-2021
35,469,2020,35-469-2020
35,469,2019,35-469-2019
35,469,2018,35-469-2018
35,469,2017,35-469-2017
35,469,2016,35-469-2016
35,469,2015,35-469-2015
35,469,2014,35-469-2014
35,469,2013,35-469-2013
35,469,2012,35-469-2012
35,469,2011,35-469-2011
35,469,2010,35-469-2010
35,469,2009,35-469-2009
35,469,2008,35-469-2008
35,469,2007,35-469-2007
35,469,2006,35-469-2006
35,469,2005,35-469-2005
35,469,2004,35-469-2004
35,469,2003,35-469-2003
35,469,2002,35-469-2002
35,469,2001,35-469-2001
35,469,2000,35-469-2000
35,469,1992,35-469-1992
35,2417,2022,35-2417-2022
35,2417,2012,35-2417-2012
35,2417,2011,35-2417-2011
35,2417,2010,35-2417-2010
35,2417,2009,35-2417-2009
35,2417,2008,35-2417-2008
35,2417,2007,35-2417-2007
35,2417,2006,35-2417-2006
35,2417,2005,35-2417-2005
35,2417,2004,35-2417-2004
35,2417,2003,35-2417-2003
35,2417,2002,35-2417-2002
35,2417,2001,35-2417-2001
35,2417,2000,35-2417-2000
35,2417,1999,35-2417-1999
35,2417,1998,35-2417-1998
35,2417,1997,35-2417-1997
35,2417,1996,35-2417-1996
35,2417,1995,35-2417-1995
35,2417,1994,35-2417-1994
35,2417,1993,35-2417-1993
35,2417,1992,35-2417-1992
35,2418,2022,35-2418-2022
35,2418,2012,35-2418-2012
35,2418,2011,35-2418-2011
35,2418,2010,35-2418-2010
35,2418,2009,35-2418-2009
35,2418,2008,35-2418-2008
35,2418,2007,35-2418-2007
35,2418,2006,35-2418-2006
35,2418,2005,35-2418-2005
35,2418,2004,35-2418-2004
35,2418,2003,35-2418-2003
35,2418,2002,35-2418-2002
35,2418,2001,35-2418-2001
35,2418,2000,35-2418-2000
35,2418,1999,35-2418-1999
35,2418,1998,35-2418-1998
35,2418,1997,35-2418-1997
35,2418,1996,35-2418-1996
35,2418,1995,35-2418-1995
35,2418,1994,35-2418-1994
35,2418,1993,35-2418-1993
35,2418,1992,35-2418-1992
35,2758,2018,35-2758-2018
35,2758,2017,35-2758-2017
35,2758,2016,35-2758-2016
35,2758,2015,35-2758-2015
35,2758,2014,35-2758-2014
35,2758,2013,35-2758-2013
35,2758,2012,35-2758-2012
35,2758,2011,35-2758-2011
35,2758,2010,35-2758-2010
35,2758,2009,35-2758-2009
35,2758,2008,35-2758-2008
35,2758,2007,35-2758-2007
35,2758,2006,35-2758-2006
35,2758,2005,35-2758-2005
35,2758,2004,35-2758-2004
35,2758,2003,35-2758-2003
35,2758,2002,35-2758-2002
35,2758,2001,35-2758-2001
35,2758,2000,35-2758-2000
35,2758,1999,35-2758-1999
35,2758,1998,35-2758-1998
35,2758,1997,35-2758-1997
35,2758,1996,35-2758-1996
35,2758,1995,35-2758-1995
35,2758,1994,35-2758-1994
35,2758,1993,35-2758-1993
35,2758,1992,35-2758-1992
35,2759,2018,35-2759-2018
35,2759,2017,35-2759-2017
35,2759,2016,35-2759-2016
35,2759,2015,35-2759-2015
35,2759,2014,35-2759-2014
35,2759,2013,35-2759-2013
35,2759,2012,35-2759-2012
35,2759,2011,35-2759-2011
35,2759,2010,35-2759-2010
35,2759,2009,35-2759-2009
35,2759,2008,35-2759-2008
35,2759,2007,35-2759-2007
35,2759,2006,35-2759-2006
35,2759,2005,35-2759-2005
35,2759,2004,35-2759-2004
35,2759,2003,35-2759-2003
35,2759,2002,35-2759-2002
35,2759,2001,35-2759-2001
35,2759,2000,35-2759-2000
35,2759,1999,35-2759-1999
35,2759,1998,35-2759-1998
35,2759,1997,35-2759-1997
35,2759,1996,35-2759-1996
35,2759,1995,35-2759-1995
35,2759,1994,35-2759-1994
35,2759,1993,35-2759-1993
35,2759,1992,35-2759-1992
36,475,2022,36-475-2022
36,475,2021,36-475-2021
36,475,2020,36-475-2020
36,475,2019,36-475-2019
36,475,2018,36-475-2018
36,475,2017,36-475-2017
36,475,2016,36-475-2016
36,475,2015,36-475-2015
36,475,2014,36-475-2014
36,475,2013,36-475-2013
36,475,2012,36-475-2012
36,475,2011,36-475-2011
36,475,2010,36-475-2010
36,475,2009,36-475-2009
36,475,2008,36-475-2008
36,475,2007,36-475-2007
36,475,2006,36-475-2006
36,475,2005,36-475-2005
36,475,2004,36-475-2004
36,475,2003,36-475-2003
36,475,2002,36-475-2002
36,475,2001,36-475-2001
36,475,2000,36-475-2000
36,475,1999,36-475-1999
36,475,1998,36-475-1998
36,475,1997,36-475-1997
36,475,1996,36-475-1996
36,475,1995,36-475-1995
36,475,1994,36-475-1994
36,475,1993,36-475-1993
36,475,1989,36-475-1989
36,475,1988,36-475-1988
36,475,1987,36-475-1987
36,475,1986,36-475-1986
36,475,1985,36-475-1985
36,475,1984,36-475-1984
36,475,1983,36-475-1983
36,475,1982,36-475-1982
36,475,1981,36-475-1981
36,793,2022,36-793-2022
36,793,2021,36-793-2021
36,793,2020,36-793-2020
36,793,2019,36-793-2019
36,793,2018,36-793-2018
36,793,2017,36-793-2017
36,793,2016,36-793-2016
36,793,2015,36-793-2015
36,793,2014,36-793-2014
36,793,2013,36-793-2013
36,793,2012,36-793-2012
36,793,2011,36-793-2011
36,793,2010,36-793-2010
36,793,2009,36-793-2009
36,793,2008,36-793-2008
36,793,2007,36-793-2007
36,793,2006,36-793-2006
36,793,2005,36-793-2005
36,793,2004,36-793-2004
36,793,2003,36-793-2003
36,793,2002,36-793-2002
36,793,2001,36-793-2001
36,793,2000,36-793-2000
36,793,1999,36-793-1999
36,793,1998,36-793-1998
36,793,1997,36-793-1997
36,793,1996,36-793-1996
36,793,1995,36-793-1995
36,793,1994,36-793-1994
36,793,1993,36-793-1993
36,793,1992,36-793-1992
36,793,1991,36-793-1991
36,793,1990,36-793-1990
36,793,1989,36-793-1989
36,793,1988,36-793-1988
36,793,1987,36-793-1987
36,793,1986,36-793-1986
36,793,1985,36-793-1985
36,793,1984,36-793-1984
36,793,1983,36-793-1983
36,793,1982,36-793-1982
36,829,2022,36-829-2022
36,829,2021,36-829-2021
36,829,2020,36-829-2020
36,829,2019,36-829-2019
36,829,2004,36-829-2004
36,829,2003,36-829-2003
36,829,2002,36-829-2002
36,829,2001,36-829-2001
36,829,2000,36-829-2000
36,829,1999,36-829-1999
36,829,1998,36-829-1998
36,829,1997,36-829-1997
36,829,1996,36-829-1996
36,829,1995,36-829-1995
36,829,1994,36-829-1994
36,829,1993,36-829-1993
36,829,1992,36-829-1992
36,829,1991,36-829-1991
36,829,1990,36-829-1990
36,829,1989,36-829-1989
36,829,1988,36-829-1988
36,829,1987,36-829-1987
36,829,1986,36-829-1986
36,829,1985,36-829-1985
36,829,1984,36-829-1984
36,829,1983,36-829-1983
36,829,1982,36-829-1982
36,829,1981,36-829-1981
36,478,2003,36-478-2003
36,478,2002,36-478-2002
36,478,2001,36-478-2001
36,478,2000,36-478-2000
36,478,1999,36-478-1999
36,478,1998,36-478-1998
36,478,1997,36-478-1997
36,478,1996,36-478-1996
36,478,1995,36-478-1995
36,478,1994,36-478-1994
36,478,1993,36-478-1993
36,478,1992,36-478-1992
36,478,1991,36-478-1991
36,478,1990,36-478-1990
36,478,1989,36-478-1989
36,478,1988,36-478-1988
36,478,1987,36-478-1987
36,478,1986,36-478-1986
36,478,1985,36-478-1985
36,478,1984,36-478-1984
36,478,1983,36-478-1983
36,478,1982,36-478-1982
36,478,1981,36-478-1981
36,479,2022,36-479-2022
36,479,2021,36-479-2021
36,479,2020,36-479-2020
36,479,2019,36-479-2019
36,479,2018,36-479-2018
36,479,2017,36-479-2017
36,479,2012,36-479-2012
36,479,2011,36-479-2011
36,479,2010,36-479-2010
36,479,2009,36-479-2009
36,479,2008,36-479-2008
36,479,2007,36-479-2007
36,479,2006,36-479-2006
36,479,2005,36-479-2005
36,479,2004,36-479-2004
36,479,2003,36-479-2003
36,479,2002,36-479-2002
36,479,2001,36-479-2001
36,479,2000,36-479-2000
36,479,1999,36-479-1999
36,479,1998,36-479-1998
36,479,1997,36-479-1997
36,479,1992,36-479-1992
36,479,1991,36-479-1991
36,479,1990,36-479-1990
36,479,1989,36-479-1989
36,479,1988,36-479-1988
36,775,2022,36-775-2022
36,775,2021,36-775-2021
36,775,2020,36-775-2020
36,775,2019,36-775-2019
36,775,2018,36-775-2018
36,775,2017,36-775-2017
36,775,2016,36-775-2016
36,775,2015,36-775-2015
36,775,2014,36-775-2014
36,775,2013,36-775-2013
36,775,2012,36-775-2012
36,775,2011,36-775-2011
36,775,2010,36-775-2010
36,775,2009,36-775-2009
36,775,2008,36-775-2008
36,775,2007,36-775-2007
36,775,2006,36-775-2006
36,775,2005,36-775-2005
36,775,2004,36-775-2004
36,775,2003,36-775-2003
36,775,2002,36-775-2002
36,775,2001,36-775-2001
36,775,2000,36-775-2000
36,775,1999,36-775-1999
36,775,1984,36-775-1984
36,775,1983,36-775-1983
36,775,1982,36-775-1982
36,775,1981,36-775-1981
36,481,2022,36-481-2022
36,481,2021,36-481-2021
36,481,2020,36-481-2020
36,481,2019,36-481-2019
36,481,2018,36-481-2018
36,481,2017,36-481-2017
36,481,2016,36-481-2016
36,481,2015,36-481-2015
36,481,2014,36-481-2014
36,481,2013,36-481-2013
36,481,2012,36-481-2012
36,481,2011,36-481-2011
36,481,2010,36-481-2010
36,481,2009,36-481-2009
36,481,1993,36-481-1993
36,481,1992,36-481-1992
36,481,1991,36-481-1991
36,481,1990,36-481-1990
36,481,1989,36-481-1989
36,481,1988,36-481-1988
36,481,1987,36-481-1987
36,481,1986,36-481-1986
36,481,1985,36-481-1985
36,481,1984,36-481-1984
36,481,1983,36-481-1983
36,481,1982,36-481-1982
36,481,1981,36-481-1981
36,482,2022,36-482-2022
36,482,2021,36-482-2021
36,482,2020,36-482-2020
36,482,2019,36-482-2019
36,482,2018,36-482-2018
36,482,2017,36-482-2017
36,482,2016,36-482-2016
36,482,2015,36-482-2015
36,482,2014,36-482-2014
36,482,2013,36-482-2013
36,482,2012,36-482-2012
36,482,2011,36-482-2011
36,482,2010,36-482-2010
36,482,2009,36-482-2009
36,482,2008,36-482-2008
36,482,2007,36-482-2007
36,482,2006,36-482-2006
36,482,2005,36-482-2005
36,482,2004,36-482-2004
36,482,2003,36-482-2003
36,482,2002,36-482-2002
36,482,2001,36-482-2001
36,482,2000,36-482-2000
36,482,1999,36-482-1999
36,482,1998,36-482-1998
36,482,1996,36-482-1996
36,482,1991,36-482-1991
36,482,1990,36-482-1990
36,482,1989,36-482-1989
36,482,1988,36-482-1988
36,482,1987,36-482-1987
36,482,1986,36-482-1986
36,482,1985,36-482-1985
36,482,1984,36-482-1984
36,482,1983,36-482-1983
36,482,1982,36-482-1982
36,482,1981,36-482-1981
36,2638,2022,36-2638-2022
36,2638,2021,36-2638-2021
36,2638,2020,36-2638-2020
36,2638,2019,36-2638-2019
36,2638,2014,36-2638-2014
36,2638,2013,36-2638-2013
36,2638,2012,36-2638-2012
36,2638,2011,36-2638-2011
36,2638,2010,36-2638-2010
36,2638,2009,36-2638-2009
36,2638,2008,36-2638-2008
36,2638,2007,36-2638-2007
36,2638,2006,36-2638-2006
36,2638,2005,36-2638-2005
36,2638,2004,36-2638-2004
36,2638,2003,36-2638-2003
36,2638,2002,36-2638-2002
36,2638,2001,36-2638-2001
36,2638,2000,36-2638-2000
36,2638,1999,36-2638-1999
36,2638,1998,36-2638-1998
36,2638,1997,36-2638-1997
36,2638,1996,36-2638-1996
36,2638,1995,36-2638-1995
36,2638,1994,36-2638-1994
36,2638,1993,36-2638-1993
36,2638,1992,36-2638-1992
36,2638,1991,36-2638-1991
36,2638,1990,36-2638-1990
36,2638,1989,36-2638-1989
36,2638,1988,36-2638-1988
36,2638,1987,36-2638-1987
36,2638,1986,36-2638-1986
36,2638,1985,36-2638-1985
36,2638,1984,36-2638-1984
36,2638,1983,36-2638-1983
36,2638,1982,36-2638-1982
36,2638,1981,36-2638-1981
36,776,2022,36-776-2022
36,776,2021,36-776-2021
36,776,2020,36-776-2020
36,776,2019,36-776-2019
36,776,2018,36-776-2018
36,776,2017,36-776-2017
36,776,2016,36-776-2016
36,776,2015,36-776-2015
36,776,2001,36-776-2001
36,776,1998,36-776-1998
36,776,1997,36-776-1997
36,776,1996,36-776-1996
36,776,1995,36-776-1995
36,776,1994,36-776-1994
36,776,1993,36-776-1993
36,776,1992,36-776-1992
36,776,1991,36-776-1991
36,776,1990,36-776-1990
36,776,1989,36-776-1989
36,776,1988,36-776-1988
36,777,2022,36-777-2022
36,777,2021,36-777-2021
36,777,2020,36-777-2020
36,777,2019,36-777-2019
36,777,2018,36-777-2018
36,777,2017,36-777-2017
36,777,2016,36-777-2016
36,777,2015,36-777-2015
36,777,1998,36-777-1998
36,777,1997,36-777-1997
36,777,1996,36-777-1996
36,777,1995,36-777-1995
36,777,1994,36-777-1994
36,777,1993,36-777-1993
36,777,1992,36-777-1992
36,777,1991,36-777-1991
36,777,1990,36-777-1990
36,777,1989,36-777-1989
36,777,1988,36-777-1988
36,777,1987,36-777-1987
36,777,1986,36-777-1986
36,777,1985,36-777-1985
36,777,1984,36-777-1984
36,777,1983,36-777-1983
36,777,1982,36-777-1982
36,777,1981,36-777-1981
36,778,2022,36-778-2022
36,778,2021,36-778-2021
36,778,2020,36-778-2020
36,778,2019,36-778-2019
36,778,2018,36-778-2018
36,778,2017,36-778-2017
36,778,2016,36-778-2016
36,778,2015,36-778-2015
36,778,2014,36-778-2014
36,778,2013,36-778-2013
36,778,2012,36-778-2012
36,778,2011,36-778-2011
36,778,2010,36-778-2010
36,778,2009,36-778-2009
36,778,2008,36-778-2008
36,778,2007,36-778-2007
36,778,2006,36-778-2006
36,778,2005,36-778-2005
36,778,2004,36-778-2004
36,778,2003,36-778-2003
36,778,2002,36-778-2002
36,778,2001,36-778-2001
36,778,1997,36-778-1997
36,778,1996,36-778-1996
36,778,1983,36-778-1983
36,778,1982,36-778-1982
36,778,1981,36-778-1981
36,484,2022,36-484-2022
36,484,2021,36-484-2021
36,484,2020,36-484-2020
36,484,2019,36-484-2019
36,484,2018,36-484-2018
36,484,2017,36-484-2017
36,484,2016,36-484-2016
36,484,2015,36-484-2015
36,484,2014,36-484-2014
36,484,2013,36-484-2013
36,484,2012,36-484-2012
36,484,2011,36-484-2011
36,484,2010,36-484-2010
36,484,2009,36-484-2009
36,484,2008,36-484-2008
36,484,2007,36-484-2007
36,484,2006,36-484-2006
36,484,2005,36-484-2005
36,484,2004,36-484-2004
36,484,2003,36-484-2003
36,484,2002,36-484-2002
36,484,2001,36-484-2001
36,484,2000,36-484-2000
36,484,1999,36-484-1999
36,484,1998,36-484-1998
36,484,1992,36-484-1992
36,484,1991,36-484-1991
36,484,1990,36-484-1990
36,484,1989,36-484-1989
36,484,1988,36-484-1988
36,484,1987,36-484-1987
36,484,1986,36-484-1986
36,484,1985,36-484-1985
36,484,1984,36-484-1984
36,484,1983,36-484-1983
36,484,1982,36-484-1982
36,484,1981,36-484-1981
36,486,2022,36-486-2022
36,486,2021,36-486-2021
36,486,2020,36-486-2020
36,486,2019,36-486-2019
36,486,2018,36-486-2018
36,486,2017,36-486-2017
36,486,2016,36-486-2016
36,486,2015,36-486-2015
36,486,2014,36-486-2014
36,486,1997,36-486-1997
36,486,1996,36-486-1996
36,486,1995,36-486-1995
36,486,1994,36-486-1994
36,486,1993,36-486-1993
36,486,1992,36-486-1992
36,486,1991,36-486-1991
36,486,1990,36-486-1990
36,486,1989,36-486-1989
36,486,1988,36-486-1988
36,486,1987,36-486-1987
36,486,1986,36-486-1986
36,486,1985,36-486-1985
36,486,1984,36-486-1984
36,486,1983,36-486-1983
36,486,1982,36-486-1982
36,486,1981,36-486-1981
36,487,2022,36-487-2022
36,487,2021,36-487-2021
36,487,2020,36-487-2020
36,487,1996,36-487-1996
36,487,1995,36-487-1995
36,487,1994,36-487-1994
36,487,1993,36-487-1993
36,487,1992,36-487-1992
36,487,1991,36-487-1991
36,487,1990,36-487-1990
36,487,1989,36-487-1989
36,487,1988,36-487-1988
36,487,1987,36-487-1987
36,487,1986,36-487-1986
36,487,1985,36-487-1985
36,487,1984,36-487-1984
36,487,1983,36-487-1983
36,487,1982,36-487-1982
36,1072,2022,36-1072-2022
36,1072,2021,36-1072-2021
36,1072,2020,36-1072-2020
36,1072,2019,36-1072-2019
36,1072,2018,36-1072-2018
36,1072,2017,36-1072-2017
36,1072,2016,36-1072-2016
36,1072,2015,36-1072-2015
36,1072,2014,36-1072-2014
36,1072,2013,36-1072-2013
36,1072,2008,36-1072-2008
36,1072,2007,36-1072-2007
36,1072,2006,36-1072-2006
36,1072,2005,36-1072-2005
36,1072,2004,36-1072-2004
36,1072,2003,36-1072-2003
36,1072,2002,36-1072-2002
36,1072,2001,36-1072-2001
36,1072,2000,36-1072-2000
36,1072,1999,36-1072-1999
36,1072,1998,36-1072-1998
36,1072,1997,36-1072-1997
36,1072,1996,36-1072-1996
36,1072,1995,36-1072-1995
36,1072,1994,36-1072-1994
36,1072,1993,36-1072-1993
36,1072,1992,36-1072-1992
36,1072,1991,36-1072-1991
36,1072,1990,36-1072-1990
36,1072,1989,36-1072-1989
36,1072,1988,36-1072-1988
36,1072,1987,36-1072-1987
36,1072,1986,36-1072-1986
36,1072,1985,36-1072-1985
36,1072,1984,36-1072-1984
36,1072,1983,36-1072-1983
36,1072,1982,36-1072-1982
36,1072,1981,36-1072-1981
36,488,2022,36-488-2022
36,488,2021,36-488-2021
36,488,2020,36-488-2020
36,488,2019,36-488-2019
36,488,2018,36-488-2018
36,488,2017,36-488-2017
36,488,2016,36-488-2016
36,488,1990,36-488-1990
36,488,1989,36-488-1989
36,488,1988,36-488-1988
36,488,1987,36-488-1987
36,488,1986,36-488-1986
36,488,1985,36-488-1985
36,488,1984,36-488-1984
36,488,1983,36-488-1983
36,488,1982,36-488-1982
36,488,1981,36-488-1981
36,491,2022,36-491-2022
36,491,2021,36-491-2021
36,491,2020,36-491-2020
36,491,2019,36-491-2019
36,491,2018,36-491-2018
36,491,2017,36-491-2017
36,491,2016,36-491-2016
36,491,2015,36-491-2015
36,491,2002,36-491-2002
36,491,2001,36-491-2001
36,491,2000,36-491-2000
36,491,1999,36-491-1999
36,491,1998,36-491-1998
36,491,1997,36-491-1997
36,491,1996,36-491-1996
36,491,1995,36-491-1995
36,491,1994,36-491-1994
36,491,1993,36-491-1993
36,491,1992,36-491-1992
36,491,1991,36-491-1991
36,491,1990,36-491-1990
36,491,1989,36-491-1989
36,491,1988,36-491-1988
36,491,1987,36-491-1987
36,491,1986,36-491-1986
36,491,1985,36-491-1985
36,491,1984,36-491-1984
36,491,1983,36-491-1983
36,491,1982,36-491-1982
36,491,1981,36-491-1981
36,490,2022,36-490-2022
36,490,2021,36-490-2021
36,490,2020,36-490-2020
36,490,2019,36-490-2019
36,490,2018,36-490-2018
36,490,2017,36-490-2017
36,490,2016,36-490-2016
36,490,2015,36-490-2015
36,490,2014,36-490-2014
36,490,2013,36-490-2013
36,490,2012,36-490-2012
36,490,2011,36-490-2011
36,490,2010,36-490-2010
36,490,2009,36-490-2009
36,490,2008,36-490-2008
36,490,2007,36-490-2007
36,490,2006,36-490-2006
36,490,2005,36-490-2005
36,490,2004,36-490-2004
36,490,2003,36-490-2003
36,490,1995,36-490-1995
36,490,1994,36-490-1994
36,490,1993,36-490-1993
36,490,1992,36-490-1992
36,490,1991,36-490-1991
36,490,1990,36-490-1990
36,490,1989,36-490-1989
36,490,1988,36-490-1988
36,490,1987,36-490-1987
36,490,1986,36-490-1986
36,490,1985,36-490-1985
36,490,1984,36-490-1984
36,490,1983,36-490-1983
36,490,1982,36-490-1982
36,490,1981,36-490-1981
36,492,2022,36-492-2022
36,492,2021,36-492-2021
36,492,2020,36-492-2020
36,492,2019,36-492-2019
36,492,2018,36-492-2018
36,492,2017,36-492-2017
36,492,2016,36-492-2016
36,492,2015,36-492-2015
36,492,2001,36-492-2001
36,492,2000,36-492-2000
36,492,1999,36-492-1999
36,492,1998,36-492-1998
36,492,1997,36-492-1997
36,492,1996,36-492-1996
36,492,1995,36-492-1995
36,492,1994,36-492-1994
36,492,1993,36-492-1993
36,492,1992,36-492-1992
36,492,1991,36-492-1991
36,492,1990,36-492-1990
36,492,1989,36-492-1989
36,492,1988,36-492-1988
36,492,1987,36-492-1987
36,492,1986,36-492-1986
36,492,1985,36-492-1985
36,492,1984,36-492-1984
36,492,1983,36-492-1983
36,492,1982,36-492-1982
36,492,1981,36-492-1981
36,494,2022,36-494-2022
36,494,2021,36-494-2021
36,494,2020,36-494-2020
36,494,2019,36-494-2019
36,494,2018,36-494-2018
36,494,2017,36-494-2017
36,494,2016,36-494-2016
36,494,2015,36-494-2015
36,494,2014,36-494-2014
36,494,2013,36-494-2013
36,494,2012,36-494-2012
36,494,2011,36-494-2011
36,494,2010,36-494-2010
36,494,2009,36-494-2009
36,494,2008,36-494-2008
36,494,2007,36-494-2007
36,494,2006,36-494-2006
36,494,2005,36-494-2005
36,494,2004,36-494-2004
36,494,2003,36-494-2003
36,494,1984,36-494-1984
36,494,1983,36-494-1983
36,494,1982,36-494-1982
36,494,1981,36-494-1981
36,779,2022,36-779-2022
36,779,2021,36-779-2021
36,779,2020,36-779-2020
36,779,2019,36-779-2019
36,779,2018,36-779-2018
36,779,2017,36-779-2017
36,779,2016,36-779-2016
36,779,2015,36-779-2015
36,779,2014,36-779-2014
36,779,2013,36-779-2013
36,779,2012,36-779-2012
36,779,2011,36-779-2011
36,779,2010,36-779-2010
36,779,2001,36-779-2001
36,779,2000,36-779-2000
36,779,1984,36-779-1984
36,779,1983,36-779-1983
36,779,1982,36-779-1982
36,779,1981,36-779-1981
36,1061,2022,36-1061-2022
36,1061,2021,36-1061-2021
36,1061,2020,36-1061-2020
36,1061,2019,36-1061-2019
36,1061,2018,36-1061-2018
36,1061,2017,36-1061-2017
36,1061,2016,36-1061-2016
36,1061,2015,36-1061-2015
36,1061,2014,36-1061-2014
36,1061,2013,36-1061-2013
36,1061,2012,36-1061-2012
36,1061,2011,36-1061-2011
36,1061,2010,36-1061-2010
36,1061,2009,36-1061-2009
36,1061,2008,36-1061-2008
36,1061,2007,36-1061-2007
36,1061,2006,36-1061-2006
36,1061,2005,36-1061-2005
36,1061,2004,36-1061-2004
36,1061,2003,36-1061-2003
36,1061,2002,36-1061-2002
36,1061,2001,36-1061-2001
36,1061,2000,36-1061-2000
36,1061,1999,36-1061-1999
36,1061,1998,36-1061-1998
36,1061,1997,36-1061-1997
36,1061,1996,36-1061-1996
36,1061,1995,36-1061-1995
36,1061,1994,36-1061-1994
36,1061,1993,36-1061-1993
36,1061,1992,36-1061-1992
36,1061,1991,36-1061-1991
36,1061,1990,36-1061-1990
36,1061,1989,36-1061-1989
36,1061,1988,36-1061-1988
36,1061,1987,36-1061-1987
36,1061,1986,36-1061-1986
36,1061,1985,36-1061-1985
36,1061,1984,36-1061-1984
36,1061,1983,36-1061-1983
36,1061,1982,36-1061-1982
36,1061,1981,36-1061-1981
36,2519,2022,36-2519-2022
36,2519,2013,36-2519-2013
36,2519,2012,36-2519-2012
36,2519,2011,36-2519-2011
36,2519,2010,36-2519-2010
36,2519,2009,36-2519-2009
36,2519,2008,36-2519-2008
36,2519,2007,36-2519-2007
36,2519,2006,36-2519-2006
36,2519,2005,36-2519-2005
36,2519,2004,36-2519-2004
36,2519,2003,36-2519-2003
36,2519,2002,36-2519-2002
36,2519,2001,36-2519-2001
36,2519,2000,36-2519-2000
36,2519,1999,36-2519-1999
36,2519,1998,36-2519-1998
36,2519,1997,36-2519-1997
36,2519,1996,36-2519-1996
36,2519,1995,36-2519-1995
36,2519,1994,36-2519-1994
36,2519,1993,36-2519-1993
36,2519,1992,36-2519-1992
36,2519,1991,36-2519-1991
36,2519,1990,36-2519-1990
36,2519,1989,36-2519-1989
36,2519,1988,36-2519-1988
36,2519,1987,36-2519-1987
36,2519,1986,36-2519-1986
36,2519,1985,36-2519-1985
36,2519,1984,36-2519-1984
36,2519,1983,36-2519-1983
36,2519,1982,36-2519-1982
36,2519,1981,36-2519-1981
36,1037,2022,36-1037-2022
36,1037,2021,36-1037-2021
36,1037,2020,36-1037-2020
36,1037,2019,36-1037-2019
36,1037,2018,36-1037-2018
36,1037,2017,36-1037-2017
36,1037,2016,36-1037-2016
36,1037,2015,36-1037-2015
36,1037,2014,36-1037-2014
36,1037,2013,36-1037-2013
36,1037,2012,36-1037-2012
36,1037,2011,36-1037-2011
36,1037,2010,36-1037-2010
36,1037,2009,36-1037-2009
36,1037,2008,36-1037-2008
36,1037,2007,36-1037-2007
36,1037,2006,36-1037-2006
36,1037,2005,36-1037-2005
36,1037,2004,36-1037-2004
36,1037,2003,36-1037-2003
36,1037,2002,36-1037-2002
36,1037,2001,36-1037-2001
36,1037,2000,36-1037-2000
36,1037,1999,36-1037-1999
36,1037,1998,36-1037-1998
36,1037,1997,36-1037-1997
36,1037,1996,36-1037-1996
36,1037,1995,36-1037-1995
36,1037,1994,36-1037-1994
36,1037,1993,36-1037-1993
36,1037,1992,36-1037-1992
36,1037,1991,36-1037-1991
36,1037,1990,36-1037-1990
36,1037,1989,36-1037-1989
36,1037,1988,36-1037-1988
36,1037,1987,36-1037-1987
36,1037,1986,36-1037-1986
36,1037,1985,36-1037-1985
36,1037,1984,36-1037-1984
36,1037,1983,36-1037-1983
36,1037,1982,36-1037-1982
36,1037,1981,36-1037-1981
36,2750,2017,36-2750-2017
36,2750,2016,36-2750-2016
36,2750,2015,36-2750-2015
36,2750,2014,36-2750-2014
36,2750,2013,36-2750-2013
36,2750,2012,36-2750-2012
36,2750,2011,36-2750-2011
36,2750,2010,36-2750-2010
36,2750,2009,36-2750-2009
36,2750,2008,36-2750-2008
36,2750,2007,36-2750-2007
36,2750,2006,36-2750-2006
36,2750,2005,36-2750-2005
36,2750,2004,36-2750-2004
36,2750,2003,36-2750-2003
36,2750,2002,36-2750-2002
36,2750,2001,36-2750-2001
36,2750,2000,36-2750-2000
36,2750,1999,36-2750-1999
36,2750,1998,36-2750-1998
36,2750,1997,36-2750-1997
36,2750,1996,36-2750-1996
36,2750,1995,36-2750-1995
36,2750,1994,36-2750-1994
36,2750,1993,36-2750-1993
36,2750,1992,36-2750-1992
36,2750,1991,36-2750-1991
36,2750,1990,36-2750-1990
36,2750,1989,36-2750-1989
36,2750,1988,36-2750-1988
36,2750,1987,36-2750-1987
36,2750,1986,36-2750-1986
36,2750,1985,36-2750-1985
36,2750,1984,36-2750-1984
36,2750,1983,36-2750-1983
36,2750,1982,36-2750-1982
36,2750,1981,36-2750-1981
36,495,2007,36-495-2007
36,495,2006,36-495-2006
36,495,2005,36-495-2005
36,495,2004,36-495-2004
36,495,2003,36-495-2003
36,495,2002,36-495-2002
36,495,2001,36-495-2001
36,495,2000,36-495-2000
36,495,1999,36-495-1999
36,495,1998,36-495-1998
36,495,1997,36-495-1997
36,495,1996,36-495-1996
36,495,1995,36-495-1995
36,495,1994,36-495-1994
36,495,1993,36-495-1993
36,495,1992,36-495-1992
36,495,1991,36-495-1991
36,495,1982,36-495-1982
36,495,1981,36-495-1981
38,854,2021,38-854-2021
38,854,2020,38-854-2020
38,854,2019,38-854-2019
38,854,2018,38-854-2018
38,854,2017,38-854-2017
38,854,2016,38-854-2016
38,854,2015,38-854-2015
38,854,2014,38-854-2014
38,854,2013,38-854-2013
38,854,2012,38-854-2012
38,854,2011,38-854-2011
38,854,2010,38-854-2010
38,854,2009,38-854-2009
5,134,2022,5-134-2022
5,548,2022,5-548-2022
5,135,2022,5-135-2022
5,136,2022,5-136-2022
14,214,2022,14-214-2022
14,215,2022,14-215-2022
